ticker,ex_date,amount
AIPI,2024-07-26,1.48
AIPI,2024-08-27,1.457
AIPI,2024-09-26,1.479
AIPI,2024-10-24,1.47
AIPI,2024-11-26,1.51
AIPI,2024-12-24,1.486
AIPI,2025-01-29,1.448
AIPI,2025-02-26,1.355
AIPI,2025-03-26,1.28
AIPI,2025-04-23,1.102
AIPI,2025-05-28,1.233
AIPI,2025-06-25,1.274
AIPI,2025-07-23,1.271
AIPI,2025-08-27,1.231
AIPI,2025-09-24,1.248
AIPI,2025-10-29,1.303
AIPI,2025-11-25,1.201
AIPI,2025-12-24,1.208
AIPI,2026-01-28,1.162
AIPI,2026-02-25,1.038
AIPI,2026-03-25,1.023
AIPI,2026-04-22,1.052
AIPI,2026-05-27,0.259
AIPI,2026-06-03,0.264
AIPI,2026-06-10,0.253
AMDY,2023-11-08,5.59
AMDY,2023-12-07,2.215
AMDY,2024-01-05,7.055
AMDY,2024-02-07,8.37
AMDY,2024-03-06,6.87
AMDY,2024-04-04,5.565
AMDY,2024-05-06,2.555
AMDY,2024-06-06,4.505
AMDY,2024-07-05,3.675
AMDY,2024-08-07,2.155
AMDY,2024-09-06,4.645
AMDY,2024-10-17,4.605
AMDY,2024-11-14,4.07
AMDY,2024-12-12,1.52
AMDY,2025-01-08,1.7
AMDY,2025-02-06,1.905
AMDY,2025-03-06,1.265
AMDY,2025-04-03,1.385
AMDY,2025-05-01,1.685
AMDY,2025-05-29,2.115
AMDY,2025-06-26,2.315
AMDY,2025-07-24,2.83
AMDY,2025-08-21,2.72
AMDY,2025-09-18,1.22
AMDY,2025-10-16,4.75
AMDY,2025-10-23,0.95
AMDY,2025-10-30,1.16
AMDY,2025-11-06,0.605
AMDY,2025-11-13,0.735
AMDY,2025-11-20,0.9
AMDY,2025-11-28,0.55
AMDY,2025-12-04,0.77
AMDY,2025-12-11,0.304
AMDY,2025-12-18,0.427
AMDY,2025-12-26,0.412
AMDY,2026-01-02,0.38
AMDY,2026-01-08,0.398
AMDY,2026-01-15,0.321
AMDY,2026-01-22,0.354
AMDY,2026-01-29,0.547
AMDY,2026-02-05,0.347
AMDY,2026-02-12,0.35
AMDY,2026-02-19,0.279
AMDY,2026-02-26,0.304
AMDY,2026-03-05,0.328
AMDY,2026-03-12,0.306
AMDY,2026-03-19,0.321
AMDY,2026-03-26,0.329
AMDY,2026-04-02,0.327
AMDY,2026-04-09,0.498
AMDY,2026-04-16,0.698
AMDY,2026-04-23,0.868
AMDY,2026-04-30,0.945
AMDY,2026-05-07,0.914
AMDY,2026-05-14,1.094
AMDY,2026-05-21,0.974
AMDY,2026-05-28,1.159
AMDY,2026-06-04,1.173
AMDY,2026-06-11,0.671
AMZY,2023-09-08,0.471
AMZY,2023-10-06,0.634
AMZY,2023-11-08,0.544
AMZY,2023-12-07,0.469
AMZY,2024-01-05,0.368
AMZY,2024-02-07,0.684
AMZY,2024-03-06,0.643
AMZY,2024-04-04,0.697
AMZY,2024-05-06,0.973
AMZY,2024-06-06,0.954
AMZY,2024-07-05,0.765
AMZY,2024-08-07,0.474
AMZY,2024-09-06,0.656
AMZY,2024-10-24,0.763
AMZY,2024-11-21,1.173
AMZY,2024-12-19,0.862
AMZY,2025-01-16,0.401
AMZY,2025-02-13,0.548
AMZY,2025-03-13,0.418
AMZY,2025-04-10,0.488
AMZY,2025-05-08,0.796
AMZY,2025-06-05,0.596
AMZY,2025-07-03,0.59
AMZY,2025-07-31,0.642
AMZY,2025-08-28,0.49
AMZY,2025-09-25,0.46
AMZY,2025-10-16,0.255
AMZY,2025-10-23,0.096
AMZY,2025-10-30,0.201
AMZY,2025-11-06,0.294
AMZY,2025-11-13,0.107
AMZY,2025-11-20,0.085
AMZY,2025-11-28,0.083
AMZY,2025-12-04,0.195
AMZY,2025-12-11,0.083
AMZY,2025-12-18,0.081
AMZY,2025-12-26,0.079
AMZY,2026-01-02,0.065
AMZY,2026-01-08,0.066
AMZY,2026-01-15,0.096
AMZY,2026-01-22,0.061
AMZY,2026-01-29,0.065
AMZY,2026-02-05,0.075
AMZY,2026-02-12,0.078
AMZY,2026-02-19,0.088
AMZY,2026-02-26,0.093
AMZY,2026-03-05,0.098
AMZY,2026-03-12,0.084
AMZY,2026-03-19,0.084
AMZY,2026-03-26,0.078
AMZY,2026-04-02,0.077
AMZY,2026-04-09,0.079
AMZY,2026-04-16,0.149
AMZY,2026-04-23,0.163
AMZY,2026-04-30,0.21
AMZY,2026-05-07,0.212
AMZY,2026-05-14,0.144
AMZY,2026-05-21,0.101
AMZY,2026-05-28,0.094
AMZY,2026-06-04,0.069
AMZY,2026-06-11,0.065
BTCI,2024-10-23,1.125
BTCI,2024-11-20,1.408
BTCI,2024-12-24,1.458
BTCI,2025-01-22,1.572
BTCI,2025-02-26,1.432
BTCI,2025-03-26,1.335
BTCI,2025-04-23,1.259
BTCI,2025-05-21,1.515
BTCI,2025-06-25,1.398
BTCI,2025-07-23,1.472
BTCI,2025-08-20,1.415
BTCI,2025-09-24,1.34
BTCI,2025-10-22,1.3
BTCI,2025-11-26,1.018
BTCI,2025-12-24,0.997
BTCI,2026-01-21,1.043
BTCI,2026-02-18,0.761
BTCI,2026-03-18,0.78
BTCI,2026-04-22,0.798
BTCI,2026-05-20,0.793
BUYW,2022-12-22,0.064
BUYW,2023-01-26,0.066
BUYW,2023-02-23,0.066
BUYW,2023-03-23,0.066
BUYW,2023-04-20,0.067
BUYW,2023-05-25,0.067
BUYW,2023-06-22,0.067
BUYW,2023-07-20,0.068
BUYW,2023-08-24,0.067
BUYW,2023-09-21,0.067
BUYW,2023-10-19,0.067
BUYW,2023-11-21,0.067
BUYW,2023-12-21,0.067
BUYW,2024-01-25,0.068
BUYW,2024-02-22,0.068
BUYW,2024-03-21,0.068
BUYW,2024-04-24,0.068
BUYW,2024-05-23,0.069
BUYW,2024-06-20,0.069
BUYW,2024-07-25,0.069
BUYW,2024-08-22,0.07
BUYW,2024-09-19,0.07
BUYW,2024-10-24,0.07
BUYW,2024-11-21,0.07
BUYW,2024-12-19,0.07
BUYW,2025-01-24,0.071
BUYW,2025-02-21,0.071
BUYW,2025-03-25,0.069
BUYW,2025-04-25,0.067
BUYW,2025-05-23,0.069
BUYW,2025-06-24,0.07
BUYW,2025-07-25,0.071
BUYW,2025-08-22,0.071
BUYW,2025-09-23,0.071
BUYW,2025-10-24,0.071
BUYW,2025-11-21,0.071
BUYW,2025-12-23,0.072
BUYW,2026-01-22,0.072
BUYW,2026-02-19,0.071
BUYW,2026-03-26,0.071
BUYW,2026-04-23,0.072
BUYW,2026-05-21,0.072
DIVO,2017-03-29,0.139
DIVO,2017-06-28,0.311
DIVO,2017-09-28,0.316
DIVO,2017-12-28,0.344
DIVO,2018-03-28,0.332
DIVO,2018-06-28,0.335
DIVO,2018-07-30,0.115
DIVO,2018-08-30,0.124
DIVO,2018-09-27,0.125
DIVO,2018-10-30,0.129
DIVO,2018-11-29,0.131
DIVO,2018-12-28,0.116
DIVO,2019-01-30,0.127
DIVO,2019-02-27,0.133
DIVO,2019-03-28,0.133
DIVO,2019-04-29,0.136
DIVO,2019-05-30,0.133
DIVO,2019-06-27,0.139
DIVO,2019-07-30,0.141
DIVO,2019-08-29,0.137
DIVO,2019-09-27,0.14
DIVO,2019-10-30,0.14
DIVO,2019-11-27,0.143
DIVO,2019-12-30,1.004
DIVO,2020-01-29,0.139
DIVO,2020-02-26,0.137
DIVO,2020-03-27,0.109
DIVO,2020-04-28,0.125
DIVO,2020-05-27,0.126
DIVO,2020-06-26,0.129
DIVO,2020-07-29,0.134
DIVO,2020-08-27,0.141
DIVO,2020-09-28,0.132
DIVO,2020-10-28,0.14
DIVO,2020-11-25,0.147
DIVO,2020-12-29,0.149
DIVO,2021-01-27,0.153
DIVO,2021-02-24,0.153
DIVO,2021-03-29,0.157
DIVO,2021-04-28,0.154
DIVO,2021-05-26,0.157
DIVO,2021-06-28,0.148
DIVO,2021-07-28,0.153
DIVO,2021-08-27,0.153
DIVO,2021-09-28,0.149
DIVO,2021-10-27,0.148
DIVO,2021-11-26,0.15
DIVO,2021-12-29,0.153
DIVO,2022-01-27,0.145
DIVO,2022-02-24,0.145
DIVO,2022-03-29,0.151
DIVO,2022-04-27,0.147
DIVO,2022-05-26,0.141
DIVO,2022-06-28,0.137
DIVO,2022-07-27,0.138
DIVO,2022-08-29,0.144
DIVO,2022-09-28,0.13
DIVO,2022-10-27,0.139
DIVO,2022-11-28,0.147
DIVO,2022-12-28,0.144
DIVO,2023-01-27,0.144
DIVO,2023-02-24,0.141
DIVO,2023-03-29,0.139
DIVO,2023-04-26,0.145
DIVO,2023-05-26,0.139
DIVO,2023-06-28,0.142
DIVO,2023-07-27,0.148
DIVO,2023-08-29,0.143
DIVO,2023-09-27,0.141
DIVO,2023-10-27,0.138
DIVO,2023-11-28,0.142
DIVO,2023-12-27,0.146
DIVO,2024-01-29,0.149
DIVO,2024-02-27,0.152
DIVO,2024-03-26,0.155
DIVO,2024-04-26,0.153
DIVO,2024-05-30,0.154
DIVO,2024-06-27,0.156
DIVO,2024-07-30,0.158
DIVO,2024-08-29,0.161
DIVO,2024-09-27,0.163
DIVO,2024-10-30,0.164
DIVO,2024-11-27,0.171
DIVO,2024-12-30,0.165
DIVO,2025-01-30,0.169
DIVO,2025-02-27,0.167
DIVO,2025-03-28,0.165
DIVO,2025-04-29,0.158
DIVO,2025-05-29,0.165
DIVO,2025-06-27,0.168
DIVO,2025-07-30,0.172
DIVO,2025-08-28,0.175
DIVO,2025-09-29,0.177
DIVO,2025-10-30,0.182
DIVO,2025-11-26,0.214
DIVO,2025-12-30,0.953
DIVO,2026-01-29,0.183
DIVO,2026-02-26,0.186
DIVO,2026-03-30,0.179
DIVO,2026-04-29,0.181
DIVO,2026-05-28,0.184
EIPI,2024-05-21,0.125
EIPI,2024-06-27,0.125
EIPI,2024-07-23,0.125
EIPI,2024-08-21,0.125
EIPI,2024-09-26,0.125
EIPI,2024-10-22,0.125
EIPI,2024-11-21,0.125
EIPI,2024-12-13,0.355
EIPI,2025-01-22,0.125
EIPI,2025-02-13,0.43
EIPI,2025-02-21,0.125
EIPI,2025-03-27,0.125
EIPI,2025-04-22,0.125
EIPI,2025-05-21,0.125
EIPI,2025-06-26,0.125
EIPI,2025-07-22,0.125
EIPI,2025-08-21,0.125
EIPI,2025-09-25,0.125
EIPI,2025-10-21,0.125
EIPI,2025-11-21,0.125
EIPI,2025-12-12,0.125
EIPI,2026-01-21,0.125
EIPI,2026-02-20,0.125
EIPI,2026-03-26,0.125
EIPI,2026-04-21,0.125
EIPI,2026-05-21,0.125
FEPI,2023-11-27,1.15
FEPI,2023-12-26,1.178
FEPI,2024-01-24,1.195
FEPI,2024-02-26,1.186
FEPI,2024-03-26,1.189
FEPI,2024-04-23,1.093
FEPI,2024-05-23,1.161
FEPI,2024-06-25,1.15
FEPI,2024-07-26,1.089
FEPI,2024-08-27,1.079
FEPI,2024-09-26,1.092
FEPI,2024-10-24,1.078
FEPI,2024-11-26,1.097
FEPI,2024-12-24,1.083
FEPI,2025-01-29,1.046
FEPI,2025-02-26,0.981
FEPI,2025-03-26,0.944
FEPI,2025-04-23,0.824
FEPI,2025-05-28,0.926
FEPI,2025-06-25,0.962
FEPI,2025-07-23,0.971
FEPI,2025-08-27,0.975
FEPI,2025-09-24,0.997
FEPI,2025-10-29,1.041
FEPI,2025-11-25,0.959
FEPI,2025-12-24,0.984
FEPI,2026-01-28,0.955
FEPI,2026-02-25,0.883
FEPI,2026-03-25,0.868
FEPI,2026-04-22,0.904
FEPI,2026-05-27,0.222
FEPI,2026-06-03,0.225
FEPI,2026-06-10,0.213
FTHI,2014-02-21,0.065
FTHI,2014-03-25,0.059
FTHI,2014-04-22,0.014
FTHI,2014-05-21,0.083
FTHI,2014-06-24,0.085
FTHI,2014-07-22,0.085
FTHI,2014-08-21,0.083
FTHI,2014-09-23,0.086
FTHI,2014-10-21,0.083
FTHI,2014-11-21,0.085
FTHI,2014-12-23,0.085
FTHI,2015-01-21,0.085
FTHI,2015-02-20,0.085
FTHI,2015-03-25,0.085
FTHI,2015-05-21,0.085
FTHI,2015-06-24,0.085
FTHI,2015-07-21,0.085
FTHI,2015-08-21,0.085
FTHI,2015-09-23,0.08
FTHI,2015-10-21,0.08
FTHI,2015-11-20,0.08
FTHI,2015-12-23,0.08
FTHI,2016-01-21,0.08
FTHI,2016-02-23,0.08
FTHI,2016-04-21,0.078
FTHI,2016-05-20,0.078
FTHI,2016-06-22,0.078
FTHI,2016-07-21,0.078
FTHI,2016-08-23,0.078
FTHI,2016-09-21,0.078
FTHI,2016-10-19,0.078
FTHI,2016-11-22,0.078
FTHI,2016-12-21,0.078
FTHI,2017-01-20,0.078
FTHI,2017-02-22,0.078
FTHI,2017-03-23,0.078
FTHI,2017-04-21,0.078
FTHI,2017-05-23,0.078
FTHI,2017-06-22,0.078
FTHI,2017-07-21,0.078
FTHI,2017-08-22,0.078
FTHI,2017-09-21,0.078
FTHI,2017-10-20,0.078
FTHI,2017-11-21,0.078
FTHI,2017-12-21,0.08
FTHI,2018-01-23,0.08
FTHI,2018-02-21,0.08
FTHI,2018-03-22,0.08
FTHI,2018-04-20,0.08
FTHI,2018-05-22,0.08
FTHI,2018-06-21,0.08
FTHI,2018-07-20,0.08
FTHI,2018-08-21,0.08
FTHI,2018-09-14,0.08
FTHI,2018-10-23,0.08
FTHI,2018-11-21,0.08
FTHI,2018-12-18,0.08
FTHI,2019-01-23,0.08
FTHI,2019-02-21,0.08
FTHI,2019-03-21,0.08
FTHI,2019-04-23,0.08
FTHI,2019-05-21,0.08
FTHI,2019-06-14,0.08
FTHI,2019-07-23,0.08
FTHI,2019-08-21,0.08
FTHI,2019-09-25,0.08
FTHI,2019-10-22,0.08
FTHI,2019-11-21,0.08
FTHI,2019-12-13,0.08
FTHI,2020-01-22,0.08
FTHI,2020-02-21,0.08
FTHI,2020-03-26,0.08
FTHI,2020-04-21,0.08
FTHI,2020-05-21,0.08
FTHI,2020-06-25,0.08
FTHI,2020-07-21,0.08
FTHI,2020-08-21,0.08
FTHI,2020-09-24,0.08
FTHI,2020-10-21,0.08
FTHI,2020-11-24,0.08
FTHI,2020-12-24,0.08
FTHI,2021-01-21,0.08
FTHI,2021-02-23,0.08
FTHI,2021-03-25,0.08
FTHI,2021-04-21,0.08
FTHI,2021-05-21,0.08
FTHI,2021-06-24,0.08
FTHI,2021-07-21,0.08
FTHI,2021-08-24,0.08
FTHI,2021-09-23,0.08
FTHI,2021-10-21,0.08
FTHI,2021-11-23,0.08
FTHI,2021-12-23,0.08
FTHI,2022-01-21,0.08
FTHI,2022-02-18,0.15
FTHI,2022-03-25,0.15
FTHI,2022-04-21,0.17
FTHI,2022-05-24,0.17
FTHI,2022-06-24,0.17
FTHI,2022-07-21,0.15
FTHI,2022-08-23,0.15
FTHI,2022-09-23,0.15
FTHI,2022-10-21,0.137
FTHI,2022-11-22,0.137
FTHI,2022-12-23,0.137
FTHI,2023-01-24,0.145
FTHI,2023-02-22,0.145
FTHI,2023-03-24,0.145
FTHI,2023-04-21,0.151
FTHI,2023-05-23,0.151
FTHI,2023-06-27,0.151
FTHI,2023-07-21,0.157
FTHI,2023-08-22,0.157
FTHI,2023-09-22,0.157
FTHI,2023-10-24,0.152
FTHI,2023-11-21,0.152
FTHI,2023-12-22,0.152
FTHI,2024-01-23,0.16
FTHI,2024-02-21,0.16
FTHI,2024-03-21,0.16
FTHI,2024-04-23,0.168
FTHI,2024-05-21,0.168
FTHI,2024-06-27,0.168
FTHI,2024-07-23,0.168
FTHI,2024-08-21,0.168
FTHI,2024-09-26,0.168
FTHI,2024-10-22,0.172
FTHI,2024-11-21,0.172
FTHI,2024-12-13,0.172
FTHI,2025-01-22,0.174
FTHI,2025-02-21,0.174
FTHI,2025-03-27,0.174
FTHI,2025-04-22,0.163
FTHI,2025-05-21,0.163
FTHI,2025-06-26,0.163
FTHI,2025-07-22,0.171
FTHI,2025-08-21,0.171
FTHI,2025-09-25,0.171
FTHI,2025-10-21,0.177
FTHI,2025-11-21,0.177
FTHI,2025-12-12,0.177
FTHI,2026-01-21,0.177
FTHI,2026-02-20,0.177
FTHI,2026-03-26,0.177
FTHI,2026-04-21,0.172
FTHI,2026-05-21,0.172
FTQI,2014-02-21,0.065
FTQI,2014-03-25,0.059
FTQI,2014-04-22,0.014
FTQI,2014-05-21,0.067
FTQI,2014-06-24,0.068
FTQI,2014-07-22,0.068
FTQI,2014-08-21,0.067
FTQI,2014-09-23,0.068
FTQI,2014-10-21,0.066
FTQI,2014-11-21,0.065
FTQI,2014-12-23,0.065
FTQI,2015-01-21,0.06
FTQI,2015-02-20,0.06
FTQI,2015-03-25,0.06
FTQI,2015-05-21,0.06
FTQI,2015-06-24,0.06
FTQI,2015-07-21,0.06
FTQI,2015-08-21,0.06
FTQI,2015-09-23,0.055
FTQI,2015-10-21,0.055
FTQI,2015-11-20,0.055
FTQI,2015-12-23,0.055
FTQI,2016-01-21,0.055
FTQI,2016-02-23,0.055
FTQI,2016-04-21,0.053
FTQI,2016-05-20,0.053
FTQI,2016-06-22,0.053
FTQI,2016-07-21,0.053
FTQI,2016-08-23,0.053
FTQI,2016-09-21,0.053
FTQI,2016-10-21,0.053
FTQI,2016-11-22,0.053
FTQI,2016-12-21,0.053
FTQI,2017-01-20,0.053
FTQI,2017-02-22,0.053
FTQI,2017-03-23,0.053
FTQI,2017-04-21,0.053
FTQI,2017-05-23,0.053
FTQI,2017-06-22,0.053
FTQI,2017-07-21,0.053
FTQI,2017-08-22,0.053
FTQI,2017-09-21,0.053
FTQI,2017-10-20,0.053
FTQI,2017-11-21,0.053
FTQI,2017-12-21,0.055
FTQI,2018-01-23,0.055
FTQI,2018-02-21,0.055
FTQI,2018-03-22,0.055
FTQI,2018-04-20,0.055
FTQI,2018-05-22,0.055
FTQI,2018-06-21,0.055
FTQI,2018-07-20,0.055
FTQI,2018-08-21,0.055
FTQI,2018-09-14,0.055
FTQI,2018-10-23,0.055
FTQI,2018-11-21,0.055
FTQI,2018-12-18,0.055
FTQI,2019-01-23,0.055
FTQI,2019-02-21,0.055
FTQI,2019-03-21,0.055
FTQI,2019-04-23,0.055
FTQI,2019-05-21,0.055
FTQI,2019-06-14,0.055
FTQI,2019-07-23,0.055
FTQI,2019-08-21,0.055
FTQI,2019-09-25,0.055
FTQI,2019-10-22,0.055
FTQI,2019-11-21,0.055
FTQI,2019-12-13,0.055
FTQI,2020-01-22,0.055
FTQI,2020-02-21,0.055
FTQI,2020-03-26,0.055
FTQI,2020-04-21,0.055
FTQI,2020-05-21,0.055
FTQI,2020-06-25,0.055
FTQI,2020-07-21,0.055
FTQI,2020-08-21,0.055
FTQI,2020-09-24,0.055
FTQI,2020-10-21,0.055
FTQI,2020-11-24,0.055
FTQI,2020-12-24,0.055
FTQI,2021-01-21,0.055
FTQI,2021-02-23,0.055
FTQI,2021-03-25,0.055
FTQI,2021-04-21,0.055
FTQI,2021-05-21,0.055
FTQI,2021-06-24,0.055
FTQI,2021-07-21,0.055
FTQI,2021-08-24,0.055
FTQI,2021-09-23,0.055
FTQI,2021-10-21,0.055
FTQI,2021-11-23,0.055
FTQI,2021-12-23,0.055
FTQI,2022-01-21,0.055
FTQI,2022-02-18,0.055
FTQI,2022-03-25,0.055
FTQI,2022-04-21,0.055
FTQI,2022-05-24,0.21
FTQI,2022-06-24,0.21
FTQI,2022-07-21,0.2
FTQI,2022-08-23,0.2
FTQI,2022-09-23,0.2
FTQI,2022-10-21,0.179
FTQI,2022-11-22,0.179
FTQI,2022-12-23,0.179
FTQI,2023-01-24,0.179
FTQI,2023-02-22,0.179
FTQI,2023-03-24,0.179
FTQI,2023-04-21,0.194
FTQI,2023-05-23,0.194
FTQI,2023-06-27,0.194
FTQI,2023-07-21,0.198
FTQI,2023-08-22,0.198
FTQI,2023-09-22,0.198
FTQI,2023-10-24,0.188
FTQI,2023-11-21,0.188
FTQI,2023-12-22,0.188
FTQI,2024-01-23,0.198
FTQI,2024-02-21,0.198
FTQI,2024-03-21,0.198
FTQI,2024-04-23,0.204
FTQI,2024-05-21,0.204
FTQI,2024-06-27,0.204
FTQI,2024-07-23,0.203
FTQI,2024-08-21,0.203
FTQI,2024-09-26,0.203
FTQI,2024-10-22,0.204
FTQI,2024-11-21,0.204
FTQI,2024-12-13,0.204
FTQI,2025-01-22,0.207
FTQI,2025-02-21,0.207
FTQI,2025-03-27,0.207
FTQI,2025-04-22,0.188
FTQI,2025-05-21,0.188
FTQI,2025-06-26,0.188
FTQI,2025-07-22,0.195
FTQI,2025-08-21,0.195
FTQI,2025-09-25,0.195
FTQI,2025-10-21,0.205
FTQI,2025-11-21,0.205
FTQI,2025-12-12,0.205
FTQI,2026-01-21,0.207
FTQI,2026-02-20,0.207
FTQI,2026-03-26,0.207
FTQI,2026-04-21,0.199
FTQI,2026-05-21,0.199
GDXY,2024-07-05,0.796
GDXY,2024-08-07,0.579
GDXY,2024-09-06,0.601
GDXY,2024-10-10,0.606
GDXY,2024-11-07,0.485
GDXY,2024-12-05,0.378
GDXY,2025-01-03,0.35
GDXY,2025-01-30,0.594
GDXY,2025-02-27,0.442
GDXY,2025-03-27,0.639
GDXY,2025-04-24,0.728
GDXY,2025-05-22,0.374
GDXY,2025-06-20,0.845
GDXY,2025-07-17,0.332
GDXY,2025-08-14,0.61
GDXY,2025-09-11,0.648
GDXY,2025-10-09,1.003
GDXY,2025-10-16,0.113
GDXY,2025-10-23,0.145
GDXY,2025-10-30,0.141
GDXY,2025-11-06,0.132
GDXY,2025-11-13,0.132
GDXY,2025-11-20,0.207
GDXY,2025-11-28,0.125
GDXY,2025-12-04,0.311
GDXY,2025-12-11,0.103
GDXY,2025-12-18,0.181
GDXY,2025-12-26,0.196
GDXY,2026-01-02,0.159
GDXY,2026-01-08,0.128
GDXY,2026-01-15,0.128
GDXY,2026-01-22,0.168
GDXY,2026-01-29,0.284
GDXY,2026-02-05,0.153
GDXY,2026-02-12,0.163
GDXY,2026-02-19,0.194
GDXY,2026-02-26,0.173
GDXY,2026-03-05,0.325
GDXY,2026-03-12,0.16
GDXY,2026-03-19,0.114
GDXY,2026-03-26,0.13
GDXY,2026-04-02,0.144
GDXY,2026-04-09,0.154
GDXY,2026-04-16,0.159
GDXY,2026-04-23,0.201
GDXY,2026-04-30,0.157
GDXY,2026-05-07,0.124
GDXY,2026-05-14,0.125
GDXY,2026-05-21,0.108
GDXY,2026-05-28,0.111
GDXY,2026-06-04,0.094
GDXY,2026-06-11,0.097
GOOY,2023-09-08,0.291
GOOY,2023-10-06,0.39
GOOY,2023-11-08,0.391
GOOY,2023-12-07,0.374
GOOY,2024-01-05,0.23
GOOY,2024-02-07,0.421
GOOY,2024-03-06,0.255
GOOY,2024-04-04,0.31
GOOY,2024-05-06,0.668
GOOY,2024-06-06,0.686
GOOY,2024-07-05,0.468
GOOY,2024-08-07,0.499
GOOY,2024-09-06,0.358
GOOY,2024-10-03,0.255
GOOY,2024-10-31,0.377
GOOY,2024-11-29,0.285
GOOY,2024-12-27,0.633
GOOY,2025-01-23,0.332
GOOY,2025-02-20,0.388
GOOY,2025-03-20,0.328
GOOY,2025-04-17,0.373
GOOY,2025-05-15,0.345
GOOY,2025-06-12,0.398
GOOY,2025-07-10,0.308
GOOY,2025-08-07,0.449
GOOY,2025-09-04,0.694
GOOY,2025-10-02,0.694
GOOY,2025-10-16,0.164
GOOY,2025-10-23,0.21
GOOY,2025-10-30,0.138
GOOY,2025-11-06,0.28
GOOY,2025-11-13,0.094
GOOY,2025-11-20,0.1
GOOY,2025-11-28,0.228
GOOY,2025-12-04,0.251
GOOY,2025-12-11,0.108
GOOY,2025-12-18,0.092
GOOY,2025-12-26,0.087
GOOY,2026-01-02,0.085
GOOY,2026-01-08,0.08
GOOY,2026-01-15,0.098
GOOY,2026-01-22,0.105
GOOY,2026-01-29,0.103
GOOY,2026-02-05,0.112
GOOY,2026-02-12,0.096
GOOY,2026-02-19,0.102
GOOY,2026-02-26,0.105
GOOY,2026-03-05,0.103
GOOY,2026-03-12,0.087
GOOY,2026-03-19,0.085
GOOY,2026-03-26,0.082
GOOY,2026-04-02,0.079
GOOY,2026-04-09,0.085
GOOY,2026-04-16,0.092
GOOY,2026-04-23,0.121
GOOY,2026-04-30,0.225
GOOY,2026-05-07,0.297
GOOY,2026-05-14,0.243
GOOY,2026-05-21,0.182
GOOY,2026-05-28,0.151
GOOY,2026-06-04,0.084
GOOY,2026-06-11,0.082
GPIQ,2023-12-04,0.375
GPIQ,2023-12-28,0.387
GPIQ,2024-02-02,0.391
GPIQ,2024-03-04,0.404
GPIQ,2024-04-02,0.407
GPIQ,2024-05-02,0.388
GPIQ,2024-06-04,0.406
GPIQ,2024-07-02,0.42
GPIQ,2024-08-02,0.41
GPIQ,2024-09-04,0.411
GPIQ,2024-10-02,0.418
GPIQ,2024-11-04,0.414
GPIQ,2024-12-03,0.431
GPIQ,2025-01-03,0.429
GPIQ,2025-02-03,0.438
GPIQ,2025-03-03,0.415
GPIQ,2025-04-01,0.386
GPIQ,2025-05-01,0.388
GPIQ,2025-06-02,0.415
GPIQ,2025-07-01,0.435
GPIQ,2025-08-01,0.442
GPIQ,2025-09-02,0.443
GPIQ,2025-10-01,0.458
GPIQ,2025-11-03,0.474
GPIQ,2025-12-01,0.465
GPIQ,2026-01-02,0.463
GPIQ,2026-02-02,0.466
GPIQ,2026-03-02,0.453
GPIQ,2026-04-01,0.432
GPIQ,2026-05-01,0.483
GPIQ,2026-06-01,0.519
GPIX,2023-12-04,0.303
GPIX,2023-12-28,0.313
GPIX,2024-02-02,0.316
GPIX,2024-03-04,0.327
GPIX,2024-04-02,0.333
GPIX,2024-05-02,0.318
GPIX,2024-06-04,0.329
GPIX,2024-07-02,0.336
GPIX,2024-08-02,0.338
GPIX,2024-09-04,0.342
GPIX,2024-10-02,0.347
GPIX,2024-11-04,0.343
GPIX,2024-12-03,0.358
GPIX,2025-01-03,0.35
GPIX,2025-02-03,0.358
GPIX,2025-03-03,0.344
GPIX,2025-04-01,0.327
GPIX,2025-05-01,0.323
GPIX,2025-06-02,0.339
GPIX,2025-07-01,0.352
GPIX,2025-08-01,0.358
GPIX,2025-09-02,0.362
GPIX,2025-10-01,0.369
GPIX,2025-11-03,0.376
GPIX,2025-12-01,0.374
GPIX,2026-01-02,0.375
GPIX,2026-02-02,0.376
GPIX,2026-03-02,0.372
GPIX,2026-04-01,0.353
GPIX,2026-05-01,0.383
GPIX,2026-06-01,0.397
IAUI,2025-06-25,0.522
IAUI,2025-07-23,0.52
IAUI,2025-08-20,0.511
IAUI,2025-09-24,0.543
IAUI,2025-10-22,0.581
IAUI,2025-11-26,0.571
IAUI,2025-12-24,0.598
IAUI,2026-01-21,0.609
IAUI,2026-02-18,0.62
IAUI,2026-03-18,0.613
IAUI,2026-04-22,0.586
IAUI,2026-05-20,0.555
IQQQ,2024-05-01,0.359
IQQQ,2024-06-03,0.292
IQQQ,2024-07-01,0.355
IQQQ,2024-08-01,0.346
IQQQ,2024-09-03,0.819
IQQQ,2024-10-01,0.324
IQQQ,2024-11-01,0.105
IQQQ,2024-12-02,0.34
IQQQ,2024-12-23,0.165
IQQQ,2025-02-03,0.45
IQQQ,2025-03-03,0.277
IQQQ,2025-04-01,0.904
IQQQ,2025-05-01,1.552
IQQQ,2025-06-02,0.423
IQQQ,2025-07-01,0.17
IQQQ,2025-08-01,0.027
IQQQ,2025-09-02,0.181
IQQQ,2025-10-01,0.093
IQQQ,2025-11-03,0.136
IQQQ,2025-12-01,0.28
IQQQ,2025-12-24,0.106
IQQQ,2026-02-02,0.225
IQQQ,2026-03-02,0.203
IQQQ,2026-04-01,0.252
IQQQ,2026-05-01,0.354
IQQQ,2026-06-01,0.243
ISPY,2024-02-01,0.482
ISPY,2024-03-01,0.318
ISPY,2024-04-01,0.316
ISPY,2024-05-01,0.358
ISPY,2024-06-03,0.313
ISPY,2024-07-01,0.449
ISPY,2024-08-01,0.267
ISPY,2024-09-03,0.62
ISPY,2024-10-01,0.341
ISPY,2024-11-01,0.376
ISPY,2024-12-02,0.299
ISPY,2024-12-23,0.217
ISPY,2025-02-03,0.326
ISPY,2025-03-03,0.178
ISPY,2025-04-01,0.908
ISPY,2025-05-01,1.275
ISPY,2025-06-02,0.349
ISPY,2025-07-01,0.165
ISPY,2025-08-01,0.045
ISPY,2025-09-02,0.159
ISPY,2025-10-01,0.102
ISPY,2025-11-03,0.075
ISPY,2025-12-01,0.203
ISPY,2025-12-24,0.12
ISPY,2026-02-02,0.229
ISPY,2026-03-02,0.211
ISPY,2026-04-01,0.303
ISPY,2026-05-01,0.301
ISPY,2026-06-01,0.233
IVVW,2024-04-02,0.669
IVVW,2024-05-02,0.622
IVVW,2024-06-04,0.408
IVVW,2024-07-02,0.574
IVVW,2024-08-02,0.361
IVVW,2024-09-04,1.012
IVVW,2024-10-02,1.006
IVVW,2024-11-04,0.62
IVVW,2024-12-03,0.433
IVVW,2024-12-20,1.011
IVVW,2025-02-04,0.554
IVVW,2025-03-04,0.329
IVVW,2025-04-02,0.807
IVVW,2025-05-02,0.683
IVVW,2025-06-03,0.753
IVVW,2025-07-02,0.655
IVVW,2025-08-04,0.645
IVVW,2025-09-03,0.493
IVVW,2025-10-02,0.719
IVVW,2025-11-04,0.73
IVVW,2025-12-02,1.42
IVVW,2025-12-23,0.66
IVVW,2026-02-03,0.576
IVVW,2026-03-03,0.548
IVVW,2026-04-02,0.852
IVVW,2026-05-04,0.588
IVVW,2026-06-02,0.831
IWMI,2024-06-26,0.545
IWMI,2024-07-24,0.602
IWMI,2024-08-21,0.658
IWMI,2024-09-25,0.623
IWMI,2024-10-23,0.624
IWMI,2024-11-20,0.634
IWMI,2024-12-24,0.611
IWMI,2025-01-22,0.609
IWMI,2025-02-26,0.583
IWMI,2025-03-26,0.569
IWMI,2025-04-23,0.498
IWMI,2025-05-21,0.553
IWMI,2025-06-25,0.557
IWMI,2025-07-23,0.562
IWMI,2025-08-20,0.562
IWMI,2025-09-24,0.587
IWMI,2025-10-22,0.59
IWMI,2025-11-26,0.573
IWMI,2025-12-24,0.599
IWMI,2026-01-21,0.608
IWMI,2026-02-18,0.602
IWMI,2026-03-18,0.571
IWMI,2026-04-22,0.612
IWMI,2026-05-20,0.605
JEPI,2020-07-01,0.494
JEPI,2020-08-03,0.29
JEPI,2020-09-01,0.453
JEPI,2020-10-01,0.435
JEPI,2020-11-02,0.515
JEPI,2020-12-01,0.5
JEPI,2020-12-30,0.543
JEPI,2021-02-01,0.263
JEPI,2021-03-01,0.321
JEPI,2021-04-01,0.348
JEPI,2021-05-03,0.374
JEPI,2021-06-01,0.314
JEPI,2021-07-01,0.395
JEPI,2021-08-02,0.257
JEPI,2021-09-01,0.339
JEPI,2021-10-01,0.343
JEPI,2021-11-01,0.366
JEPI,2021-12-01,0.383
JEPI,2021-12-30,0.459
JEPI,2022-02-01,0.382
JEPI,2022-03-01,0.462
JEPI,2022-04-01,0.588
JEPI,2022-05-02,0.468
JEPI,2022-06-01,0.516
JEPI,2022-07-01,0.621
JEPI,2022-08-01,0.495
JEPI,2022-09-01,0.559
JEPI,2022-10-03,0.481
JEPI,2022-11-01,0.606
JEPI,2022-12-01,0.61
JEPI,2022-12-29,0.573
JEPI,2023-02-01,0.444
JEPI,2023-03-01,0.411
JEPI,2023-04-03,0.445
JEPI,2023-05-01,0.425
JEPI,2023-06-01,0.365
JEPI,2023-07-03,0.359
JEPI,2023-08-01,0.29
JEPI,2023-09-01,0.338
JEPI,2023-10-02,0.363
JEPI,2023-11-01,0.359
JEPI,2023-12-01,0.39
JEPI,2023-12-28,0.428
JEPI,2024-02-01,0.301
JEPI,2024-03-01,0.301
JEPI,2024-04-01,0.345
JEPI,2024-05-01,0.326
JEPI,2024-06-03,0.36
JEPI,2024-07-01,0.33
JEPI,2024-08-01,0.289
JEPI,2024-09-03,0.4
JEPI,2024-10-01,0.392
JEPI,2024-11-01,0.375
JEPI,2024-12-02,0.402
JEPI,2024-12-31,0.395
JEPI,2025-02-03,0.326
JEPI,2025-03-03,0.328
JEPI,2025-04-01,0.408
JEPI,2025-05-01,0.488
JEPI,2025-06-02,0.54
JEPI,2025-07-01,0.4
JEPI,2025-08-01,0.358
JEPI,2025-09-02,0.368
JEPI,2025-10-01,0.361
JEPI,2025-11-03,0.346
JEPI,2025-12-01,0.371
JEPI,2025-12-31,0.427
JEPI,2026-02-02,0.344
JEPI,2026-03-02,0.351
JEPI,2026-04-01,0.421
JEPI,2026-05-01,0.448
JEPI,2026-06-01,0.389
JEPQ,2022-06-01,0.376
JEPQ,2022-07-01,0.34
JEPQ,2022-08-01,0.407
JEPQ,2022-09-01,0.546
JEPQ,2022-10-03,0.38
JEPQ,2022-11-01,0.681
JEPQ,2022-12-01,0.546
JEPQ,2022-12-29,0.576
JEPQ,2023-02-01,0.441
JEPQ,2023-03-01,0.433
JEPQ,2023-04-03,0.454
JEPQ,2023-05-01,0.484
JEPQ,2023-06-01,0.357
JEPQ,2023-07-03,0.367
JEPQ,2023-08-01,0.366
JEPQ,2023-09-01,0.451
JEPQ,2023-10-02,0.417
JEPQ,2023-11-01,0.418
JEPQ,2023-12-01,0.422
JEPQ,2023-12-28,0.392
JEPQ,2024-02-01,0.342
JEPQ,2024-03-01,0.38
JEPQ,2024-04-01,0.427
JEPQ,2024-05-01,0.431
JEPQ,2024-06-03,0.45
JEPQ,2024-07-01,0.421
JEPQ,2024-08-01,0.427
JEPQ,2024-09-03,0.557
JEPQ,2024-10-01,0.551
JEPQ,2024-11-01,0.494
JEPQ,2024-12-02,0.508
JEPQ,2024-12-31,0.456
JEPQ,2025-02-03,0.45
JEPQ,2025-03-03,0.482
JEPQ,2025-04-01,0.541
JEPQ,2025-05-01,0.598
JEPQ,2025-06-02,0.621
JEPQ,2025-07-01,0.494
JEPQ,2025-08-01,0.444
JEPQ,2025-09-02,0.442
JEPQ,2025-10-01,0.446
JEPQ,2025-11-03,0.476
JEPQ,2025-12-01,0.553
JEPQ,2025-12-31,0.576
JEPQ,2026-02-02,0.466
JEPQ,2026-03-02,0.509
JEPQ,2026-04-01,0.559
JEPQ,2026-05-01,0.591
JEPQ,2026-06-01,0.564
LQDW,2022-09-02,0.552
LQDW,2022-10-04,0.435
LQDW,2022-11-02,0.975
LQDW,2022-12-02,0.531
LQDW,2022-12-23,0.516
LQDW,2023-02-02,0.608
LQDW,2023-03-02,0.466
LQDW,2023-04-04,0.546
LQDW,2023-05-02,0.446
LQDW,2023-06-02,0.418
LQDW,2023-07-05,0.618
LQDW,2023-08-02,0.226
LQDW,2023-09-05,0.388
LQDW,2023-10-03,0.404
LQDW,2023-11-02,0.421
LQDW,2023-12-04,0.56
LQDW,2023-12-22,0.618
LQDW,2024-02-02,0.41
LQDW,2024-03-04,0.472
LQDW,2024-04-02,0.246
LQDW,2024-05-02,0.365
LQDW,2024-06-04,0.263
LQDW,2024-07-02,0.323
LQDW,2024-08-02,0.302
LQDW,2024-09-04,0.341
LQDW,2024-10-02,0.346
LQDW,2024-11-04,0.226
LQDW,2024-12-03,0.311
LQDW,2024-12-20,0.53
LQDW,2025-02-04,0.433
LQDW,2025-03-04,0.26
LQDW,2025-04-02,0.275
LQDW,2025-05-02,0.558
LQDW,2025-06-03,0.446
LQDW,2025-07-02,0.294
LQDW,2025-08-04,0.315
LQDW,2025-09-03,0.244
LQDW,2025-10-02,0.236
LQDW,2025-11-04,0.339
LQDW,2025-12-02,0.266
LQDW,2025-12-23,0.266
LQDW,2026-02-03,0.218
LQDW,2026-03-03,0.163
LQDW,2026-04-02,0.303
LQDW,2026-05-04,0.167
LQDW,2026-06-02,0.184
MSTY,2024-04-04,20.645
MSTY,2024-05-06,12.62
MSTY,2024-06-06,15.15
MSTY,2024-07-05,11.66
MSTY,2024-08-07,9.705
MSTY,2024-09-06,9.27
MSTY,2024-10-24,20.99
MSTY,2024-11-21,22.105
MSTY,2024-12-19,15.41
MSTY,2025-01-16,11.395
MSTY,2025-02-13,10.11
MSTY,2025-03-13,6.89
MSTY,2025-04-10,6.68
MSTY,2025-05-08,11.865
MSTY,2025-06-05,7.355
MSTY,2025-07-03,6.19
MSTY,2025-07-31,5.92
MSTY,2025-08-28,5.45
MSTY,2025-09-25,5.055
MSTY,2025-10-16,3.035
MSTY,2025-10-23,1.06
MSTY,2025-10-30,0.96
MSTY,2025-11-06,0.845
MSTY,2025-11-13,0.81
MSTY,2025-11-20,0.74
MSTY,2025-11-28,0.675
MSTY,2025-12-04,0.695
MSTY,2025-12-11,0.586
MSTY,2025-12-18,0.387
MSTY,2025-12-26,0.511
MSTY,2026-01-02,0.409
MSTY,2026-01-08,0.374
MSTY,2026-01-15,0.414
MSTY,2026-01-22,0.43
MSTY,2026-01-29,0.373
MSTY,2026-02-05,0.308
MSTY,2026-02-12,0.298
MSTY,2026-02-19,0.361
MSTY,2026-02-26,0.302
MSTY,2026-03-05,0.35
MSTY,2026-03-12,0.385
MSTY,2026-03-19,0.438
MSTY,2026-03-26,0.345
MSTY,2026-04-02,0.314
MSTY,2026-04-09,0.305
MSTY,2026-04-16,0.304
MSTY,2026-04-23,0.521
MSTY,2026-04-30,0.489
MSTY,2026-05-07,0.555
MSTY,2026-05-14,0.536
MSTY,2026-05-21,0.314
MSTY,2026-05-28,0.298
MSTY,2026-06-04,0.246
MSTY,2026-06-11,0.212
NVDY,2023-06-07,0.746
NVDY,2023-07-07,0.957
NVDY,2023-08-04,0.814
NVDY,2023-09-08,0.93
NVDY,2023-10-06,0.677
NVDY,2023-11-08,0.415
NVDY,2023-12-07,0.507
NVDY,2024-01-05,0.626
NVDY,2024-02-07,1.53
NVDY,2024-03-06,2.622
NVDY,2024-04-04,2.608
NVDY,2024-05-06,1.199
NVDY,2024-06-06,2.563
NVDY,2024-07-05,2.471
NVDY,2024-08-07,1.251
NVDY,2024-09-06,1.355
NVDY,2024-10-10,1.1
NVDY,2024-11-07,1.023
NVDY,2024-12-05,1.185
NVDY,2025-01-03,0.898
NVDY,2025-01-30,0.829
NVDY,2025-02-27,1.612
NVDY,2025-03-27,0.787
NVDY,2025-04-24,0.673
NVDY,2025-05-22,1.628
NVDY,2025-06-20,0.672
NVDY,2025-07-17,1.029
NVDY,2025-08-14,0.84
NVDY,2025-09-11,0.643
NVDY,2025-10-09,0.795
NVDY,2025-10-16,0.109
NVDY,2025-10-23,0.121
NVDY,2025-10-30,0.182
NVDY,2025-11-06,0.319
NVDY,2025-11-13,0.144
NVDY,2025-11-20,0.15
NVDY,2025-11-28,0.163
NVDY,2025-12-04,0.165
NVDY,2025-12-11,0.149
NVDY,2025-12-18,0.117
NVDY,2025-12-26,0.116
NVDY,2026-01-02,0.144
NVDY,2026-01-08,0.105
NVDY,2026-01-15,0.095
NVDY,2026-01-22,0.085
NVDY,2026-01-29,0.108
NVDY,2026-02-05,0.094
NVDY,2026-02-12,0.106
NVDY,2026-02-19,0.094
NVDY,2026-02-26,0.115
NVDY,2026-03-05,0.116
NVDY,2026-03-12,0.12
NVDY,2026-03-19,0.133
NVDY,2026-03-26,0.12
NVDY,2026-04-02,0.115
NVDY,2026-04-09,0.111
NVDY,2026-04-16,0.116
NVDY,2026-04-23,0.14
NVDY,2026-04-30,0.207
NVDY,2026-05-07,0.128
NVDY,2026-05-14,0.151
NVDY,2026-05-21,0.135
NVDY,2026-05-28,0.125
NVDY,2026-06-04,0.131
NVDY,2026-06-11,0.119
OMAH,2025-03-27,0.25
OMAH,2025-04-28,0.239
OMAH,2025-05-27,0.24
OMAH,2025-06-23,0.238
OMAH,2025-07-28,0.246
OMAH,2025-08-25,0.243
OMAH,2025-09-29,0.242
OMAH,2025-10-27,0.241
OMAH,2025-11-24,0.234
OMAH,2025-12-29,0.238
OMAH,2026-01-26,0.232
OMAH,2026-02-23,0.231
OMAH,2026-03-30,0.227
OMAH,2026-04-27,0.232
OMAH,2026-05-26,0.238
PBP,2008-03-25,0.053
PBP,2008-06-20,0.238
PBP,2008-09-19,0.058
PBP,2008-12-19,0.072
PBP,2009-03-20,0.093
PBP,2009-06-19,0.09
PBP,2009-09-18,0.065
PBP,2009-12-18,0.082
PBP,2010-03-19,0.053
PBP,2010-06-18,0.061
PBP,2010-09-17,0.065
PBP,2010-12-17,0.116
PBP,2010-12-28,1.357
PBP,2011-03-18,0.027
PBP,2011-06-17,0.091
PBP,2011-09-16,0.071
PBP,2011-12-16,1.836
PBP,2011-12-27,0.11
PBP,2012-03-16,0.099
PBP,2012-06-15,0.124
PBP,2012-09-21,0.09
PBP,2012-12-21,0.402
PBP,2012-12-24,0.145
PBP,2013-03-15,0.039
PBP,2013-06-21,0.297
PBP,2013-09-20,0.34
PBP,2013-12-20,0.692
PBP,2013-12-24,0.007
PBP,2014-03-21,0.025
PBP,2014-06-20,0.421
PBP,2014-09-19,0.32
PBP,2014-12-19,0.089
PBP,2014-12-24,0.172
PBP,2015-03-20,0.033
PBP,2015-06-19,0.304
PBP,2015-09-18,0.272
PBP,2015-12-18,0.121
PBP,2015-12-24,0.339
PBP,2016-03-18,0.043
PBP,2016-06-17,0.103
PBP,2016-09-16,0.079
PBP,2016-12-16,0.144
PBP,2016-12-27,0.176
PBP,2017-06-16,0.473
PBP,2017-09-18,0.5
PBP,2017-12-18,0.085
PBP,2017-12-27,1.272
PBP,2018-03-19,0.029
PBP,2018-06-18,0.08
PBP,2018-09-24,0.082
PBP,2018-12-24,0.088
PBP,2018-12-26,0.232
PBP,2019-03-18,0.057
PBP,2019-06-24,0.088
PBP,2019-09-23,0.09
PBP,2019-12-23,0.96
PBP,2020-03-23,0.082
PBP,2020-06-22,0.058
PBP,2020-09-21,0.059
PBP,2020-12-21,0.09
PBP,2021-03-22,0.029
PBP,2021-06-21,0.067
PBP,2021-09-20,0.061
PBP,2021-12-20,1.279
PBP,2022-03-21,0.07
PBP,2022-06-21,0.066
PBP,2022-09-19,0.068
PBP,2022-12-19,0.065
PBP,2023-03-20,0.07
PBP,2023-06-20,0.061
PBP,2023-09-18,0.06
PBP,2023-10-23,0.168
PBP,2023-11-20,0.21
PBP,2023-12-18,0.157
PBP,2024-01-22,0.154
PBP,2024-02-20,0.174
PBP,2024-03-18,0.175
PBP,2024-04-22,0.172
PBP,2024-05-20,0.201
PBP,2024-06-24,0.164
PBP,2024-07-22,0.163
PBP,2024-08-19,0.174
PBP,2024-09-23,0.227
PBP,2024-10-21,0.189
PBP,2024-11-18,0.211
PBP,2024-12-23,0.203
PBP,2025-01-21,0.216
PBP,2025-02-24,0.207
PBP,2025-03-24,0.168
PBP,2025-04-21,0.21
PBP,2025-05-19,0.214
PBP,2025-06-23,0.221
PBP,2025-07-21,0.118
PBP,2025-08-18,0.22
PBP,2025-09-22,0.175
PBP,2025-10-20,0.175
PBP,2025-11-24,0.222
PBP,2025-12-22,0.574
PBP,2026-01-20,0.213
PBP,2026-02-23,0.204
PBP,2026-03-23,0.193
PBP,2026-04-20,0.214
PBP,2026-05-18,0.205
QDTE,2024-03-26,0.364
QDTE,2024-04-03,0.332
QDTE,2024-04-10,0.091
QDTE,2024-04-17,0.267
QDTE,2024-04-24,0.334
QDTE,2024-05-01,0.252
QDTE,2024-05-08,0.311
QDTE,2024-05-15,0.375
QDTE,2024-05-22,0.212
QDTE,2024-05-30,0.212
QDTE,2024-06-06,0.143
QDTE,2024-06-13,0.234
QDTE,2024-06-20,0.298
QDTE,2024-06-27,0.355
QDTE,2024-07-03,0.197
QDTE,2024-07-11,0.346
QDTE,2024-07-18,0.31
QDTE,2024-07-25,0.354
QDTE,2024-08-01,0.569
QDTE,2024-08-08,0.514
QDTE,2024-08-15,0.476
QDTE,2024-08-22,0.476
QDTE,2024-08-29,0.313
QDTE,2024-09-05,0.329
QDTE,2024-09-12,0.446
QDTE,2024-09-19,0.195
QDTE,2024-09-26,0.257
QDTE,2024-10-03,0.218
QDTE,2024-10-10,0.27
QDTE,2024-10-17,0.318
QDTE,2024-10-24,0.208
QDTE,2024-10-31,0.205
QDTE,2024-11-07,0.265
QDTE,2024-11-14,0.253
QDTE,2024-11-21,0.252
QDTE,2024-11-27,0.221
QDTE,2024-12-05,0.236
QDTE,2024-12-12,0.165
QDTE,2024-12-19,0.87
QDTE,2024-12-26,0.804
QDTE,2025-01-02,0.298
QDTE,2025-01-08,0.183
QDTE,2025-01-16,0.337
QDTE,2025-01-23,0.246
QDTE,2025-01-30,0.188
QDTE,2025-02-06,0.231
QDTE,2025-02-13,0.251
QDTE,2025-02-20,0.246
QDTE,2025-02-27,0.26
QDTE,2025-03-06,0.151
QDTE,2025-03-13,0.233
QDTE,2025-03-20,0.277
QDTE,2025-03-27,0.236
QDTE,2025-04-03,0.25
QDTE,2025-04-10,0.18
QDTE,2025-04-16,0.209
QDTE,2025-04-24,0.24
QDTE,2025-05-01,0.218
QDTE,2025-05-08,0.308
QDTE,2025-05-15,0.18
QDTE,2025-05-22,0.172
QDTE,2025-05-29,0.215
QDTE,2025-06-05,0.208
QDTE,2025-06-12,0.146
QDTE,2025-06-18,0.205
QDTE,2025-06-26,0.247
QDTE,2025-07-02,0.229
QDTE,2025-07-10,0.237
QDTE,2025-07-17,0.239
QDTE,2025-07-24,0.237
QDTE,2025-07-31,0.238
QDTE,2025-08-07,0.239
QDTE,2025-08-14,0.233
QDTE,2025-08-21,0.239
QDTE,2025-08-28,0.204
QDTE,2025-09-04,0.286
QDTE,2025-09-11,0.2
QDTE,2025-09-18,0.201
QDTE,2025-09-25,0.204
QDTE,2025-10-02,0.207
QDTE,2025-10-09,0.204
QDTE,2025-10-16,0.204
QDTE,2025-10-23,0.198
QDTE,2025-10-30,0.236
QDTE,2025-11-06,0.205
QDTE,2025-11-13,0.223
QDTE,2025-11-20,0.225
QDTE,2025-11-26,0.234
QDTE,2025-12-04,0.385
QDTE,2025-12-11,0.202
QDTE,2025-12-18,0.202
QDTE,2025-12-24,1.915
QDTE,2025-12-31,1.721
QDTE,2026-01-08,0.158
QDTE,2026-01-15,0.118
QDTE,2026-01-22,0.177
QDTE,2026-01-29,0.099
QDTE,2026-02-05,0.073
QDTE,2026-02-12,0.14
QDTE,2026-02-19,0.27
QDTE,2026-02-26,0.221
QDTE,2026-03-05,0.195
QDTE,2026-03-12,0.187
QDTE,2026-03-19,0.125
QDTE,2026-03-26,0.113
QDTE,2026-04-01,0.159
QDTE,2026-04-09,0.104
QDTE,2026-04-16,0.099
QDTE,2026-04-23,0.163
QDTE,2026-04-30,0.157
QDTE,2026-05-07,0.166
QDTE,2026-05-14,0.21
QDTE,2026-05-21,0.172
QDTE,2026-05-28,0.283
QDTE,2026-06-04,0.238
QDTE,2026-06-11,0.151
QDVO,2024-09-27,0.149
QDVO,2024-10-30,0.151
QDVO,2024-11-27,0.168
QDVO,2024-12-30,0.278
QDVO,2025-01-30,0.193
QDVO,2025-02-27,0.198
QDVO,2025-03-28,0.21
QDVO,2025-04-29,0.227
QDVO,2025-05-29,0.242
QDVO,2025-06-27,0.227
QDVO,2025-07-30,0.213
QDVO,2025-08-28,0.287
QDVO,2025-09-29,0.291
QDVO,2025-10-30,0.251
QDVO,2025-11-26,0.268
QDVO,2025-12-30,0.271
QDVO,2026-01-29,0.245
QDVO,2026-02-26,0.236
QDVO,2026-03-30,0.245
QDVO,2026-04-29,0.271
QDVO,2026-05-28,0.282
QQQI,2024-02-21,0.594
QQQI,2024-03-20,0.605
QQQI,2024-04-24,0.587
QQQI,2024-05-22,0.613
QQQI,2024-06-26,0.623
QQQI,2024-07-24,0.619
QQQI,2024-08-21,0.644
QQQI,2024-09-25,0.602
QQQI,2024-10-23,0.61
QQQI,2024-11-20,0.612
QQQI,2024-12-24,0.622
QQQI,2025-01-22,0.624
QQQI,2025-02-26,0.614
QQQI,2025-03-26,0.587
QQQI,2025-04-23,0.531
QQQI,2025-05-21,0.637
QQQI,2025-06-25,0.628
QQQI,2025-07-23,0.637
QQQI,2025-08-20,0.629
QQQI,2025-09-24,0.641
QQQI,2025-10-22,0.645
QQQI,2025-11-26,0.63
QQQI,2025-12-24,0.641
QQQI,2026-01-21,0.636
QQQI,2026-02-18,0.614
QQQI,2026-03-18,0.609
QQQI,2026-04-22,0.63
QQQI,2026-05-20,0.659
QYLD,2014-01-22,0.257
QYLD,2014-02-26,0.193
QYLD,2014-03-26,0.193
QYLD,2014-04-23,0.263
QYLD,2014-05-21,0.245
QYLD,2014-06-25,0.213
QYLD,2014-07-23,0.209
QYLD,2014-08-20,0.222
QYLD,2014-09-24,0.195
QYLD,2014-10-22,0.241
QYLD,2014-12-24,0.144
QYLD,2015-01-21,0.23
QYLD,2015-03-25,0.16
QYLD,2015-04-22,0.153
QYLD,2015-05-20,0.169
QYLD,2015-06-24,0.15
QYLD,2015-07-22,0.152
QYLD,2015-08-26,0.204
QYLD,2015-09-23,0.222
QYLD,2015-10-21,0.214
QYLD,2015-11-25,0.181
QYLD,2015-12-23,0.215
QYLD,2016-02-24,0.22
QYLD,2016-04-20,0.156
QYLD,2016-05-25,0.171
QYLD,2016-06-22,0.202
QYLD,2016-07-20,0.141
QYLD,2016-08-24,0.13
QYLD,2016-09-21,0.194
QYLD,2016-10-26,0.149
QYLD,2016-11-23,0.162
QYLD,2016-12-21,0.146
QYLD,2017-01-25,0.128
QYLD,2017-02-22,0.1
QYLD,2017-03-22,0.123
QYLD,2017-04-26,0.145
QYLD,2017-05-24,0.126
QYLD,2017-06-21,0.221
QYLD,2017-07-26,0.159
QYLD,2017-08-23,0.203
QYLD,2017-09-20,0.154
QYLD,2017-11-22,0.132
QYLD,2017-12-20,0.247
QYLD,2018-01-24,0.25
QYLD,2018-02-21,0.249
QYLD,2018-03-21,0.249
QYLD,2018-04-25,0.234
QYLD,2018-05-23,0.216
QYLD,2018-06-20,0.2
QYLD,2018-07-25,0.181
QYLD,2018-08-22,0.226
QYLD,2018-09-26,0.201
QYLD,2018-10-24,0.247
QYLD,2018-11-21,0.225
QYLD,2018-12-28,0.172
QYLD,2019-01-23,0.217
QYLD,2019-02-20,0.185
QYLD,2019-03-20,0.204
QYLD,2019-04-24,0.179
QYLD,2019-05-22,0.211
QYLD,2019-06-26,0.215
QYLD,2019-07-24,0.171
QYLD,2019-08-21,0.227
QYLD,2019-09-25,0.175
QYLD,2019-10-23,0.177
QYLD,2019-11-20,0.195
QYLD,2019-12-30,0.165
QYLD,2020-01-21,0.199
QYLD,2020-02-24,0.238
QYLD,2020-03-23,0.181
QYLD,2020-04-20,0.199
QYLD,2020-05-18,0.204
QYLD,2020-06-22,0.209
QYLD,2020-07-20,0.214
QYLD,2020-08-24,0.22
QYLD,2020-09-21,0.212
QYLD,2020-10-19,0.217
QYLD,2020-11-23,0.223
QYLD,2020-12-30,0.23
QYLD,2021-01-19,0.229
QYLD,2021-02-22,0.233
QYLD,2021-03-22,0.224
QYLD,2021-04-19,0.228
QYLD,2021-05-24,0.221
QYLD,2021-06-21,0.194
QYLD,2021-07-19,0.223
QYLD,2021-08-23,0.188
QYLD,2021-09-20,0.19
QYLD,2021-10-18,0.197
QYLD,2021-11-22,0.225
QYLD,2021-12-30,0.499
QYLD,2022-01-24,0.203
QYLD,2022-02-22,0.202
QYLD,2022-03-21,0.21
QYLD,2022-04-18,0.205
QYLD,2022-05-23,0.179
QYLD,2022-06-21,0.174
QYLD,2022-07-18,0.181
QYLD,2022-08-22,0.181
QYLD,2022-09-19,0.165
QYLD,2022-10-24,0.163
QYLD,2022-11-21,0.165
QYLD,2022-12-29,0.161
QYLD,2023-01-23,0.17
QYLD,2023-02-21,0.167
QYLD,2023-03-20,0.169
QYLD,2023-04-24,0.173
QYLD,2023-05-22,0.168
QYLD,2023-06-20,0.177
QYLD,2023-07-24,0.18
QYLD,2023-08-21,0.173
QYLD,2023-09-18,0.172
QYLD,2023-10-23,0.167
QYLD,2023-11-20,0.161
QYLD,2023-12-28,0.166
QYLD,2024-01-22,0.179
QYLD,2024-02-20,0.177
QYLD,2024-03-18,0.178
QYLD,2024-04-22,0.172
QYLD,2024-05-20,0.163
QYLD,2024-06-24,0.169
QYLD,2024-07-22,0.177
QYLD,2024-08-19,0.179
QYLD,2024-09-23,0.181
QYLD,2024-10-21,0.183
QYLD,2024-11-18,0.18
QYLD,2024-12-30,0.339
QYLD,2025-01-21,0.188
QYLD,2025-02-24,0.165
QYLD,2025-03-24,0.17
QYLD,2025-04-21,0.16
QYLD,2025-05-19,0.165
QYLD,2025-06-23,0.166
QYLD,2025-07-21,0.165
QYLD,2025-08-18,0.168
QYLD,2025-09-22,0.17
QYLD,2025-10-20,0.173
QYLD,2025-11-24,0.173
QYLD,2025-12-22,0.178
QYLD,2026-01-20,0.179
QYLD,2026-02-23,0.177
QYLD,2026-03-23,0.172
QYLD,2026-04-20,0.179
QYLD,2026-05-18,0.179
RYLD,2019-05-22,0.235
RYLD,2019-06-26,0.223
RYLD,2019-07-24,0.137
RYLD,2019-08-21,0.251
RYLD,2019-09-25,0.212
RYLD,2019-10-23,0.168
RYLD,2019-11-20,0.251
RYLD,2019-12-30,0.166
RYLD,2020-01-21,0.196
RYLD,2020-02-24,0.239
RYLD,2020-03-23,0.159
RYLD,2020-04-20,0.176
RYLD,2020-05-18,0.187
RYLD,2020-06-22,0.192
RYLD,2020-07-20,0.202
RYLD,2020-08-24,0.208
RYLD,2020-09-21,0.209
RYLD,2020-10-19,0.214
RYLD,2020-11-23,0.222
RYLD,2020-12-30,0.228
RYLD,2021-01-19,0.227
RYLD,2021-02-22,0.24
RYLD,2021-03-22,0.245
RYLD,2021-04-19,0.249
RYLD,2021-05-24,0.248
RYLD,2021-06-21,0.248
RYLD,2021-07-19,0.246
RYLD,2021-08-23,0.251
RYLD,2021-09-20,0.252
RYLD,2021-10-18,0.247
RYLD,2021-11-22,0.255
RYLD,2021-12-30,0.307
RYLD,2022-01-24,0.223
RYLD,2022-02-22,0.232
RYLD,2022-03-21,0.24
RYLD,2022-04-18,0.235
RYLD,2022-05-23,0.211
RYLD,2022-06-21,0.202
RYLD,2022-07-18,0.212
RYLD,2022-08-22,0.207
RYLD,2022-09-19,0.196
RYLD,2022-10-24,0.195
RYLD,2022-11-21,0.199
RYLD,2022-12-29,0.187
RYLD,2023-01-23,0.196
RYLD,2023-02-21,0.196
RYLD,2023-04-24,0.182
RYLD,2023-05-22,0.161
RYLD,2023-06-20,0.183
RYLD,2023-07-24,0.18
RYLD,2023-08-21,0.174
RYLD,2023-09-18,0.173
RYLD,2023-10-23,0.162
RYLD,2023-11-20,0.168
RYLD,2023-12-28,0.167
RYLD,2024-01-22,0.165
RYLD,2024-02-20,0.163
RYLD,2024-03-18,0.167
RYLD,2024-04-22,0.163
RYLD,2024-05-20,0.165
RYLD,2024-06-24,0.161
RYLD,2024-07-22,0.161
RYLD,2024-08-19,0.161
RYLD,2024-09-23,0.162
RYLD,2024-10-21,0.166
RYLD,2024-11-18,0.166
RYLD,2024-12-30,0.166
RYLD,2025-01-21,0.168
RYLD,2025-02-24,0.163
RYLD,2025-03-24,0.154
RYLD,2025-04-21,0.143
RYLD,2025-05-19,0.148
RYLD,2025-06-23,0.149
RYLD,2025-07-21,0.15
RYLD,2025-08-18,0.151
RYLD,2025-09-22,0.152
RYLD,2025-10-20,0.153
RYLD,2025-11-24,0.152
RYLD,2025-12-22,0.155
RYLD,2026-01-20,0.157
RYLD,2026-02-23,0.158
RYLD,2026-03-23,0.148
RYLD,2026-04-20,0.157
RYLD,2026-05-18,0.157
SPYI,2022-09-21,0.485
SPYI,2022-10-26,0.465
SPYI,2022-11-23,0.478
SPYI,2022-12-23,0.461
SPYI,2023-02-23,0.472
SPYI,2023-03-22,0.466
SPYI,2023-04-26,0.482
SPYI,2023-05-24,0.487
SPYI,2023-06-22,0.497
SPYI,2023-07-26,0.505
SPYI,2023-08-23,0.486
SPYI,2023-09-20,0.49
SPYI,2023-10-25,0.465
SPYI,2023-11-22,0.478
SPYI,2023-12-20,0.485
SPYI,2024-01-24,0.49
SPYI,2024-02-21,0.497
SPYI,2024-03-20,0.501
SPYI,2024-04-24,0.489
SPYI,2024-05-22,0.5
SPYI,2024-06-26,0.505
SPYI,2024-07-24,0.509
SPYI,2024-08-21,0.556
SPYI,2024-09-25,0.515
SPYI,2024-10-23,0.52
SPYI,2024-11-20,0.521
SPYI,2024-12-24,0.516
SPYI,2025-01-22,0.517
SPYI,2025-02-26,0.514
SPYI,2025-03-26,0.506
SPYI,2025-04-23,0.462
SPYI,2025-05-21,0.506
SPYI,2025-06-25,0.505
SPYI,2025-07-23,0.511
SPYI,2025-08-20,0.518
SPYI,2025-09-24,0.527
SPYI,2025-10-22,0.527
SPYI,2025-11-26,0.522
SPYI,2025-12-24,0.532
SPYI,2026-01-21,0.531
SPYI,2026-02-18,0.522
SPYI,2026-03-18,0.51
SPYI,2026-04-22,0.525
SPYI,2026-05-20,0.535
TLTW,2022-09-02,0.556
TLTW,2022-10-04,0.644
TLTW,2022-11-02,0.621
TLTW,2022-12-02,0.487
TLTW,2022-12-23,0.517
TLTW,2023-02-02,0.464
TLTW,2023-03-02,0.309
TLTW,2023-04-04,0.648
TLTW,2023-05-02,0.531
TLTW,2023-06-02,0.351
TLTW,2023-07-05,0.538
TLTW,2023-08-02,0.197
TLTW,2023-09-05,0.332
TLTW,2023-10-03,0.288
TLTW,2023-11-02,0.4
TLTW,2023-12-04,0.577
TLTW,2023-12-22,0.746
TLTW,2024-02-02,0.212
TLTW,2024-03-04,0.302
TLTW,2024-04-02,0.235
TLTW,2024-05-02,0.247
TLTW,2024-06-04,0.247
TLTW,2024-07-02,0.277
TLTW,2024-08-02,0.22
TLTW,2024-09-04,0.28
TLTW,2024-10-02,0.208
TLTW,2024-11-04,0.252
TLTW,2024-12-03,0.331
TLTW,2024-12-20,0.593
TLTW,2025-02-04,0.388
TLTW,2025-03-04,0.259
TLTW,2025-04-02,0.258
TLTW,2025-05-02,0.375
TLTW,2025-06-03,0.419
TLTW,2025-07-02,0.314
TLTW,2025-08-04,0.231
TLTW,2025-09-03,0.218
TLTW,2025-10-02,0.145
TLTW,2025-11-04,0.378
TLTW,2025-12-02,0.188
TLTW,2025-12-23,0.187
TLTW,2026-02-03,0.174
TLTW,2026-03-03,0.204
TLTW,2026-04-02,0.211
TLTW,2026-05-04,0.121
TLTW,2026-06-02,0.217
TSLY,2023-01-10,9.99
TSLY,2023-02-08,9.03
TSLY,2023-03-08,9.02
TSLY,2023-04-06,8.29
TSLY,2023-05-05,4.4
TSLY,2023-06-07,8.03
TSLY,2023-07-07,10.66
TSLY,2023-08-04,8.3
TSLY,2023-09-08,5.85
TSLY,2023-10-06,5.77
TSLY,2023-11-08,5.85
TSLY,2023-12-07,6.04
TSLY,2024-01-05,5.57
TSLY,2024-02-07,4.05
TSLY,2024-03-06,4.055
TSLY,2024-04-04,3.42
TSLY,2024-05-06,3.47
TSLY,2024-06-06,3.225
TSLY,2024-07-05,5.02
TSLY,2024-08-07,4.83
TSLY,2024-09-06,4.095
TSLY,2024-10-03,5.475
TSLY,2024-10-31,2.995
TSLY,2024-11-29,6.105
TSLY,2024-12-27,6.43
TSLY,2025-01-23,3.585
TSLY,2025-02-20,2.895
TSLY,2025-03-20,2.32
TSLY,2025-04-17,3.3
TSLY,2025-05-15,3.8
TSLY,2025-06-12,2.015
TSLY,2025-07-10,1.935
TSLY,2025-08-07,1.505
TSLY,2025-09-04,1.965
TSLY,2025-10-02,4.01
TSLY,2025-10-16,0.97
TSLY,2025-10-23,0.825
TSLY,2025-10-30,0.565
TSLY,2025-11-06,0.735
TSLY,2025-11-13,0.48
TSLY,2025-11-20,0.445
TSLY,2025-11-28,0.48
TSLY,2025-12-04,0.935
TSLY,2025-12-11,0.424
TSLY,2025-12-18,0.42
TSLY,2025-12-26,0.629
TSLY,2026-01-02,0.366
TSLY,2026-01-08,0.318
TSLY,2026-01-15,0.35
TSLY,2026-01-22,0.287
TSLY,2026-01-29,0.324
TSLY,2026-02-05,0.33
TSLY,2026-02-12,0.331
TSLY,2026-02-19,0.321
TSLY,2026-02-26,0.315
TSLY,2026-03-05,0.296
TSLY,2026-03-12,0.285
TSLY,2026-03-19,0.274
TSLY,2026-03-26,0.263
TSLY,2026-04-02,0.259
TSLY,2026-04-09,0.258
TSLY,2026-04-16,0.267
TSLY,2026-04-23,0.296
TSLY,2026-04-30,0.3
TSLY,2026-05-07,0.338
TSLY,2026-05-14,0.517
TSLY,2026-05-21,0.286
TSLY,2026-05-28,0.388
TSLY,2026-06-04,0.351
TSLY,2026-06-11,0.268
TSPY,2024-10-03,0.295
TSPY,2024-11-06,0.277
TSPY,2024-11-07,0.277
TSPY,2024-12-04,0.294
TSPY,2025-01-08,0.294
TSPY,2025-02-05,0.298
TSPY,2025-03-05,0.291
TSPY,2025-04-02,0.271
TSPY,2025-05-07,0.283
TSPY,2025-06-03,0.282
TSPY,2025-07-01,0.286
TSPY,2025-08-05,0.292
TSPY,2025-09-02,0.292
TSPY,2025-10-07,0.3
TSPY,2025-11-04,0.303
TSPY,2025-12-02,0.301
TSPY,2026-01-06,0.302
TSPY,2026-02-03,0.3
TSPY,2026-03-03,0.3
TSPY,2026-03-31,0.281
TSPY,2026-05-05,0.293
TSPY,2026-06-02,0.298
ULTY,2024-03-14,10.65
ULTY,2024-04-17,14.17
ULTY,2024-05-15,12.78
ULTY,2024-06-14,11.34
ULTY,2024-07-17,9.95
ULTY,2024-08-15,7.8
ULTY,2024-09-19,9.83
ULTY,2024-10-17,8.27
ULTY,2024-11-14,8.31
ULTY,2024-12-12,7.09
ULTY,2025-01-08,5.72
ULTY,2025-02-06,5.37
ULTY,2025-03-06,4.65
ULTY,2025-03-13,1.03
ULTY,2025-03-20,0.98
ULTY,2025-03-27,0.99
ULTY,2025-04-03,0.92
ULTY,2025-04-10,0.82
ULTY,2025-04-17,0.85
ULTY,2025-04-24,0.84
ULTY,2025-05-01,0.94
ULTY,2025-05-08,1.18
ULTY,2025-05-15,1.06
ULTY,2025-05-22,0.98
ULTY,2025-05-29,0.95
ULTY,2025-06-05,0.95
ULTY,2025-06-12,0.95
ULTY,2025-06-20,0.88
ULTY,2025-06-26,0.92
ULTY,2025-07-03,0.95
ULTY,2025-07-10,0.96
ULTY,2025-07-17,1.04
ULTY,2025-07-24,1.03
ULTY,2025-07-31,1.01
ULTY,2025-08-07,1.0
ULTY,2025-08-14,1.01
ULTY,2025-08-21,1.0
ULTY,2025-08-28,0.95
ULTY,2025-09-04,0.9
ULTY,2025-09-11,0.93
ULTY,2025-09-18,0.93
ULTY,2025-09-25,0.92
ULTY,2025-10-02,0.91
ULTY,2025-10-09,0.9
ULTY,2025-10-15,0.91
ULTY,2025-10-22,0.9
ULTY,2025-10-29,0.85
ULTY,2025-11-05,0.79
ULTY,2025-11-12,0.63
ULTY,2025-11-19,0.64
ULTY,2025-11-26,0.59
ULTY,2025-12-03,0.588
ULTY,2025-12-10,0.546
ULTY,2025-12-17,0.492
ULTY,2025-12-24,0.571
ULTY,2025-12-31,0.487
ULTY,2026-01-07,0.471
ULTY,2026-01-14,0.519
ULTY,2026-01-21,0.505
ULTY,2026-01-28,0.502
ULTY,2026-02-04,0.454
ULTY,2026-02-11,0.451
ULTY,2026-02-18,0.436
ULTY,2026-02-25,0.475
ULTY,2026-03-04,0.48
ULTY,2026-03-11,0.416
ULTY,2026-03-18,0.407
ULTY,2026-03-25,0.432
ULTY,2026-04-01,0.372
ULTY,2026-04-08,0.42
ULTY,2026-04-15,0.397
ULTY,2026-04-22,0.437
ULTY,2026-04-29,0.403
ULTY,2026-05-06,0.4
ULTY,2026-05-13,0.405
ULTY,2026-05-20,0.395
ULTY,2026-05-27,0.395
ULTY,2026-06-03,0.396
ULTY,2026-06-10,0.349
XDTE,2024-03-26,0.209
XDTE,2024-04-03,0.129
XDTE,2024-04-10,0.022
XDTE,2024-04-17,0.195
XDTE,2024-04-24,0.374
XDTE,2024-05-01,0.258
XDTE,2024-05-08,0.239
XDTE,2024-05-15,0.344
XDTE,2024-05-22,0.133
XDTE,2024-05-30,0.163
XDTE,2024-06-06,0.111
XDTE,2024-06-13,0.203
XDTE,2024-06-20,0.225
XDTE,2024-06-27,0.264
XDTE,2024-07-03,0.215
XDTE,2024-07-11,0.237
XDTE,2024-07-18,0.201
XDTE,2024-07-25,0.241
XDTE,2024-08-01,0.351
XDTE,2024-08-08,0.412
XDTE,2024-08-15,0.387
XDTE,2024-08-22,0.388
XDTE,2024-08-29,0.261
XDTE,2024-09-05,0.312
XDTE,2024-09-12,0.335
XDTE,2024-09-19,0.199
XDTE,2024-09-26,0.188
XDTE,2024-10-03,0.229
XDTE,2024-10-10,0.202
XDTE,2024-10-17,0.217
XDTE,2024-10-24,0.239
XDTE,2024-10-31,0.155
XDTE,2024-11-07,0.214
XDTE,2024-11-14,0.274
XDTE,2024-11-21,0.258
XDTE,2024-11-27,0.186
XDTE,2024-12-05,0.235
XDTE,2024-12-12,0.154
XDTE,2024-12-19,0.642
XDTE,2024-12-26,0.606
XDTE,2025-01-02,0.336
XDTE,2025-01-08,0.19
XDTE,2025-01-16,0.368
XDTE,2025-01-23,0.214
XDTE,2025-01-30,0.255
XDTE,2025-02-06,0.178
XDTE,2025-02-13,0.234
XDTE,2025-02-20,0.22
XDTE,2025-02-27,0.203
XDTE,2025-03-06,0.142
XDTE,2025-03-13,0.244
XDTE,2025-03-20,0.325
XDTE,2025-03-27,0.211
XDTE,2025-04-03,0.275
XDTE,2025-04-10,0.217
XDTE,2025-04-16,0.236
XDTE,2025-04-24,0.343
XDTE,2025-05-01,0.255
XDTE,2025-05-08,0.336
XDTE,2025-05-15,0.24
XDTE,2025-05-22,0.212
XDTE,2025-05-29,0.207
XDTE,2025-06-05,0.249
XDTE,2025-06-12,0.193
XDTE,2025-06-18,0.223
XDTE,2025-06-26,0.269
XDTE,2025-07-02,0.247
XDTE,2025-07-10,0.254
XDTE,2025-07-17,0.256
XDTE,2025-07-24,0.254
XDTE,2025-07-31,0.254
XDTE,2025-08-07,0.257
XDTE,2025-08-14,0.25
XDTE,2025-08-21,0.254
XDTE,2025-08-28,0.212
XDTE,2025-09-04,0.213
XDTE,2025-09-11,0.21
XDTE,2025-09-18,0.21
XDTE,2025-09-25,0.169
XDTE,2025-10-02,0.171
XDTE,2025-10-09,0.212
XDTE,2025-10-16,0.212
XDTE,2025-10-23,0.206
XDTE,2025-10-30,0.251
XDTE,2025-11-06,0.211
XDTE,2025-11-13,0.217
XDTE,2025-11-20,0.269
XDTE,2025-11-26,0.208
XDTE,2025-12-04,0.311
XDTE,2025-12-11,0.21
XDTE,2025-12-18,0.21
XDTE,2025-12-24,1.38
XDTE,2025-12-31,2.053
XDTE,2026-01-08,0.162
XDTE,2026-01-15,0.115
XDTE,2026-01-22,0.161
XDTE,2026-01-29,0.102
XDTE,2026-02-05,0.059
XDTE,2026-02-12,0.123
XDTE,2026-02-19,0.183
XDTE,2026-02-26,0.203
XDTE,2026-03-05,0.161
XDTE,2026-03-12,0.141
XDTE,2026-03-19,0.128
XDTE,2026-03-26,0.125
XDTE,2026-04-01,0.206
XDTE,2026-04-09,0.142
XDTE,2026-04-16,0.127
XDTE,2026-04-23,0.173
XDTE,2026-04-30,0.157
XDTE,2026-05-07,0.143
XDTE,2026-05-14,0.161
XDTE,2026-05-21,0.143
XDTE,2026-05-28,0.156
XDTE,2026-06-04,0.192
XDTE,2026-06-11,0.097
XYLD,2013-07-24,0.039
XYLD,2013-08-22,0.151
XYLD,2013-09-25,0.05
XYLD,2013-10-23,0.035
XYLD,2013-11-21,0.065
XYLD,2013-12-26,0.758
XYLD,2014-01-23,0.019
XYLD,2014-02-26,0.135
XYLD,2014-03-26,0.046
XYLD,2014-04-23,0.033
XYLD,2014-05-22,0.08
XYLD,2014-06-25,0.052
XYLD,2014-07-23,0.036
XYLD,2014-08-21,0.205
XYLD,2014-09-24,0.171
XYLD,2014-10-23,0.25
XYLD,2014-11-26,0.183
XYLD,2014-12-24,0.684
XYLD,2015-01-22,0.194
XYLD,2015-02-25,0.067
XYLD,2015-03-25,0.069
XYLD,2015-04-22,0.131
XYLD,2015-05-20,0.071
XYLD,2015-06-24,0.189
XYLD,2015-07-22,0.058
XYLD,2015-08-26,0.37
XYLD,2015-09-23,0.396
XYLD,2015-10-21,0.04
XYLD,2015-11-25,0.085
XYLD,2015-12-23,0.366
XYLD,2016-01-21,0.335
XYLD,2016-02-24,0.08
XYLD,2016-03-23,0.074
XYLD,2016-04-20,0.017
XYLD,2016-05-25,0.267
XYLD,2016-06-22,0.091
XYLD,2016-07-20,0.032
XYLD,2016-08-24,0.076
XYLD,2016-09-21,0.198
XYLD,2016-10-26,0.176
XYLD,2016-11-23,0.077
XYLD,2016-12-21,0.05
XYLD,2017-01-25,0.227
XYLD,2017-02-23,0.06
XYLD,2017-03-22,0.061
XYLD,2017-04-26,0.223
XYLD,2017-05-24,0.077
XYLD,2017-06-21,0.054
XYLD,2017-07-26,0.054
XYLD,2017-08-23,0.247
XYLD,2017-09-20,0.06
XYLD,2017-10-25,0.037
XYLD,2017-11-22,0.067
XYLD,2017-12-20,1.435
XYLD,2018-01-24,0.259
XYLD,2018-02-21,0.25
XYLD,2018-03-21,0.249
XYLD,2018-04-25,0.245
XYLD,2018-05-23,0.251
XYLD,2018-06-20,0.254
XYLD,2018-07-25,0.256
XYLD,2018-08-22,0.26
XYLD,2018-09-26,0.262
XYLD,2018-10-24,0.247
XYLD,2018-11-21,0.233
XYLD,2018-12-28,0.388
XYLD,2019-01-23,0.227
XYLD,2019-02-20,0.235
XYLD,2019-03-20,0.239
XYLD,2019-04-24,0.245
XYLD,2019-05-22,0.24
XYLD,2019-06-26,0.244
XYLD,2019-07-24,0.251
XYLD,2019-08-21,0.242
XYLD,2019-09-25,0.243
XYLD,2019-10-23,0.245
XYLD,2019-11-20,0.251
XYLD,2019-12-30,0.256
XYLD,2020-01-21,0.259
XYLD,2020-02-24,0.26
XYLD,2020-03-23,0.183
XYLD,2020-04-20,0.203
XYLD,2020-05-18,0.207
XYLD,2020-06-22,0.209
XYLD,2020-07-20,0.218
XYLD,2020-08-24,0.392
XYLD,2020-09-21,0.445
XYLD,2020-10-19,0.452
XYLD,2020-11-23,0.449
XYLD,2020-12-30,0.404
XYLD,2021-01-19,0.476
XYLD,2021-02-22,0.36
XYLD,2021-03-22,0.42
XYLD,2021-04-19,0.361
XYLD,2021-05-24,0.333
XYLD,2021-06-21,0.387
XYLD,2021-07-19,0.337
XYLD,2021-08-23,0.373
XYLD,2021-09-20,0.37
XYLD,2021-10-18,0.345
XYLD,2021-11-22,0.365
XYLD,2021-12-30,0.458
XYLD,2022-01-24,0.481
XYLD,2022-02-22,0.484
XYLD,2022-03-21,0.501
XYLD,2022-04-18,0.495
XYLD,2022-05-23,0.441
XYLD,2022-06-21,0.422
XYLD,2022-07-18,0.439
XYLD,2022-08-22,0.434
XYLD,2022-09-19,0.405
XYLD,2022-10-24,0.401
XYLD,2022-11-21,0.405
XYLD,2022-12-29,0.382
XYLD,2023-01-23,0.41
XYLD,2023-02-21,0.408
XYLD,2023-03-20,0.399
XYLD,2023-04-24,0.376
XYLD,2023-05-22,0.284
XYLD,2023-06-20,0.327
XYLD,2023-07-24,0.287
XYLD,2023-08-21,0.38
XYLD,2023-09-18,0.333
XYLD,2023-10-23,0.384
XYLD,2023-11-20,0.267
XYLD,2023-12-28,0.29
XYLD,2024-01-22,0.314
XYLD,2024-02-20,0.302
XYLD,2024-03-18,0.322
XYLD,2024-04-22,0.34
XYLD,2024-05-20,0.282
XYLD,2024-06-24,0.276
XYLD,2024-07-22,0.313
XYLD,2024-08-19,0.4
XYLD,2024-09-23,0.342
XYLD,2024-10-21,0.386
XYLD,2024-11-18,0.371
XYLD,2024-12-30,1.19
XYLD,2025-01-21,0.373
XYLD,2025-02-24,0.291
XYLD,2025-03-24,0.401
XYLD,2025-04-21,0.377
XYLD,2025-05-19,0.389
XYLD,2025-06-23,0.387
XYLD,2025-07-21,0.313
XYLD,2025-08-18,0.316
XYLD,2025-09-22,0.302
XYLD,2025-10-20,0.397
XYLD,2025-11-24,0.4
XYLD,2025-12-22,0.325
XYLD,2026-01-20,0.36
XYLD,2026-02-23,0.341
XYLD,2026-03-23,0.391
XYLD,2026-04-20,0.352
XYLD,2026-05-18,0.401
YMAG,2024-02-15,0.431
YMAG,2024-03-14,0.592
YMAG,2024-04-17,0.623
YMAG,2024-05-15,0.637
YMAG,2024-06-14,0.677
YMAG,2024-07-17,0.637
YMAG,2024-08-15,0.576
YMAG,2024-09-19,0.198
YMAG,2024-09-26,0.17
YMAG,2024-10-03,0.164
YMAG,2024-10-10,0.282
YMAG,2024-10-17,0.226
YMAG,2024-10-24,0.055
YMAG,2024-10-31,0.153
YMAG,2024-11-07,0.207
YMAG,2024-11-14,0.21
YMAG,2024-11-21,0.061
YMAG,2024-11-29,0.203
YMAG,2024-12-05,0.277
YMAG,2024-12-12,0.168
YMAG,2024-12-19,0.059
YMAG,2024-12-27,0.174
YMAG,2025-01-03,0.31
YMAG,2025-01-08,0.158
YMAG,2025-01-16,0.05
YMAG,2025-01-23,0.1
YMAG,2025-01-30,0.19
YMAG,2025-02-06,0.186
YMAG,2025-02-13,0.051
YMAG,2025-02-20,0.137
YMAG,2025-02-27,0.176
YMAG,2025-03-06,0.151
YMAG,2025-03-13,0.145
YMAG,2025-03-20,0.085
YMAG,2025-03-27,0.084
YMAG,2025-04-03,0.097
YMAG,2025-04-10,0.097
YMAG,2025-04-17,0.094
YMAG,2025-04-24,0.092
YMAG,2025-05-01,0.101
YMAG,2025-05-08,0.106
YMAG,2025-05-15,0.2
YMAG,2025-05-22,0.26
YMAG,2025-05-29,0.293
YMAG,2025-06-05,0.209
YMAG,2025-06-12,0.171
YMAG,2025-06-20,0.169
YMAG,2025-06-26,0.157
YMAG,2025-07-03,0.055
YMAG,2025-07-10,0.126
YMAG,2025-07-17,0.152
YMAG,2025-07-24,0.203
YMAG,2025-07-31,0.075
YMAG,2025-08-07,0.08
YMAG,2025-08-14,0.162
YMAG,2025-08-21,0.149
YMAG,2025-08-28,0.118
YMAG,2025-09-04,0.083
YMAG,2025-09-11,0.143
YMAG,2025-09-18,0.14
YMAG,2025-09-25,0.152
YMAG,2025-10-02,0.099
YMAG,2025-10-09,0.209
YMAG,2025-10-15,0.201
YMAG,2025-10-22,0.217
YMAG,2025-10-29,0.135
YMAG,2025-11-05,0.132
YMAG,2025-11-12,0.174
YMAG,2025-11-19,0.094
YMAG,2025-11-26,0.123
YMAG,2025-12-03,0.097
YMAG,2025-12-10,0.128
YMAG,2025-12-17,0.132
YMAG,2025-12-24,0.093
YMAG,2025-12-31,0.099
YMAG,2026-01-07,0.05
YMAG,2026-01-14,0.063
YMAG,2026-01-21,0.086
YMAG,2026-01-28,0.075
YMAG,2026-02-04,0.083
YMAG,2026-02-11,0.115
YMAG,2026-02-18,0.108
YMAG,2026-02-25,0.09
YMAG,2026-03-04,0.099
YMAG,2026-03-11,0.094
YMAG,2026-03-18,0.087
YMAG,2026-03-25,0.086
YMAG,2026-04-01,0.087
YMAG,2026-04-08,0.081
YMAG,2026-04-15,0.083
YMAG,2026-04-22,0.099
YMAG,2026-04-29,0.12
YMAG,2026-05-06,0.18
YMAG,2026-05-13,0.15
YMAG,2026-05-20,0.153
YMAG,2026-05-27,0.113
YMAG,2026-06-03,0.112
YMAG,2026-06-10,0.101
YMAX,2024-02-15,0.534
YMAX,2024-03-14,0.568
YMAX,2024-04-17,0.632
YMAX,2024-05-15,0.732
YMAX,2024-06-14,0.73
YMAX,2024-07-17,0.652
YMAX,2024-08-15,0.591
YMAX,2024-09-19,0.227
YMAX,2024-09-26,0.222
YMAX,2024-10-03,0.208
YMAX,2024-10-10,0.204
YMAX,2024-10-17,0.175
YMAX,2024-10-24,0.227
YMAX,2024-10-31,0.225
YMAX,2024-11-07,0.12
YMAX,2024-11-14,0.152
YMAX,2024-11-21,0.244
YMAX,2024-11-29,0.306
YMAX,2024-12-05,0.238
YMAX,2024-12-12,0.123
YMAX,2024-12-19,0.139
YMAX,2024-12-27,0.245
YMAX,2025-01-03,0.181
YMAX,2025-01-08,0.14
YMAX,2025-01-16,0.112
YMAX,2025-01-23,0.172
YMAX,2025-01-30,0.147
YMAX,2025-02-06,0.194
YMAX,2025-02-13,0.15
YMAX,2025-02-20,0.185
YMAX,2025-02-27,0.133
YMAX,2025-03-06,0.241
YMAX,2025-03-13,0.1
YMAX,2025-03-20,0.153
YMAX,2025-03-27,0.132
YMAX,2025-04-03,0.178
YMAX,2025-04-10,0.129
YMAX,2025-04-17,0.133
YMAX,2025-04-24,0.137
YMAX,2025-05-01,0.174
YMAX,2025-05-08,0.168
YMAX,2025-05-15,0.191
YMAX,2025-05-22,0.186
YMAX,2025-05-29,0.215
YMAX,2025-06-05,0.172
YMAX,2025-06-12,0.18
YMAX,2025-06-20,0.142
YMAX,2025-06-26,0.155
YMAX,2025-07-03,0.157
YMAX,2025-07-10,0.135
YMAX,2025-07-17,0.104
YMAX,2025-07-24,0.184
YMAX,2025-07-31,0.165
YMAX,2025-08-07,0.145
YMAX,2025-08-14,0.11
YMAX,2025-08-21,0.162
YMAX,2025-08-28,0.137
YMAX,2025-09-04,0.109
YMAX,2025-09-11,0.132
YMAX,2025-09-18,0.129
YMAX,2025-09-25,0.082
YMAX,2025-10-02,0.14
YMAX,2025-10-09,0.147
YMAX,2025-10-15,0.174
YMAX,2025-10-22,0.157
YMAX,2025-10-29,0.194
YMAX,2025-11-05,0.174
YMAX,2025-11-12,0.151
YMAX,2025-11-19,0.13
YMAX,2025-11-26,0.101
YMAX,2025-12-03,0.096
YMAX,2025-12-10,0.114
YMAX,2025-12-17,0.124
YMAX,2025-12-24,0.094
YMAX,2025-12-31,0.106
YMAX,2026-01-07,0.088
YMAX,2026-01-14,0.082
YMAX,2026-01-21,0.082
YMAX,2026-01-28,0.083
YMAX,2026-02-04,0.082
YMAX,2026-02-11,0.074
YMAX,2026-02-18,0.078
YMAX,2026-02-25,0.072
YMAX,2026-03-04,0.081
YMAX,2026-03-11,0.083
YMAX,2026-03-18,0.082
YMAX,2026-03-25,0.034
YMAX,2026-04-01,0.088
YMAX,2026-04-08,0.09
YMAX,2026-04-15,0.092
YMAX,2026-04-22,0.1
YMAX,2026-04-29,0.1
YMAX,2026-05-06,0.082
YMAX,2026-05-13,0.093
YMAX,2026-05-20,0.091
YMAX,2026-05-27,0.09
YMAX,2026-06-03,0.093
YMAX,2026-06-10,0.08
