ticker,payable_date,roc_pct
ABNB,2025-10-24,95.7
ABNY,2025-10-31,0.0
ABNY,2025-11-14,0.0
ABNY,2025-11-28,30.6
ABNY,2025-12-12,100.0
ABNY,2025-12-19,91.5
AIPI,2024-07-29,100.0
AIPI,2024-08-28,100.0
AIPI,2024-09-27,100.0
AIPI,2024-10-25,100.0
AIPI,2024-11-27,100.0
AIPI,2024-12-26,100.0
AIPI,2025-01-30,100.0
AIPI,2025-02-27,100.0
AIPI,2025-03-27,100.0
AIPI,2025-04-24,100.0
AIPI,2025-05-29,100.0
AIPI,2025-06-26,100.0
AIPI,2025-07-24,100.0
AIPI,2025-08-28,100.0
AIPI,2025-09-25,100.0
AIPI,2025-10-30,100.0
AIPI,2025-11-26,100.0
AIPI,2025-12-26,100.0
AIPI,2026-01-29,100.0
AIPI,2026-02-26,100.0
AIPI,2026-03-26,100.0
AIPI,2026-04-23,100.0
AIPI,2026-05-28,100.0
AIPI,2026-06-04,100.0
AIPI,2026-06-11,100.0
AIYY,2025-10-24,78.1
AIYY,2025-10-31,0.0
AIYY,2025-11-14,4.4
AIYY,2025-11-28,51.7
AIYY,2025-12-12,96.1
AIYY,2025-12-19,77.4
AMDY,2025-10-24,0.0
AMDY,2025-10-31,99.3
AMDY,2025-11-14,8.9
AMDY,2025-11-28,0.0
AMDY,2025-12-12,97.4
AMDY,2025-12-19,0.0
AMZY,2025-10-24,12.5
AMZY,2025-10-31,95.9
AMZY,2025-11-14,0.2
AMZY,2025-11-28,0.0
AMZY,2025-12-12,7.3
AMZY,2025-12-19,0.0
APLY,2025-10-24,48.3
APLY,2025-10-31,95.2
APLY,2025-11-14,0.0
APLY,2025-11-28,0.0
APLY,2025-12-12,0.0
APLY,2025-12-19,0.0
BRKC,2025-10-24,0.0
BRKC,2025-10-31,0.0
BRKC,2025-11-14,94.1
BRKC,2025-11-28,0.0
BRKC,2025-12-12,0.0
BRKC,2025-12-19,0.0
BTCI,2024-10-24,97.7
BTCI,2024-11-21,95.9
BTCI,2024-12-26,95.3
BTCI,2025-01-24,96.2
BTCI,2025-02-28,95.1
BTCI,2025-03-28,95.5
BTCI,2025-04-25,95.8
BTCI,2025-05-23,96.5
BTCI,2025-06-27,95.2
BTCI,2025-07-25,96.5
BTCI,2025-08-22,96.4
BTCI,2025-09-26,95.4
BTCI,2025-10-24,96.2
BTCI,2025-11-28,94.4
BTCI,2025-12-26,94.6
BTCI,2026-01-23,95.5
BTCI,2026-02-20,95.8
BTCI,2026-03-20,91.5
BTCI,2026-04-24,92.6
BTCI,2026-05-22,95.2
BTCI,2026-06-18,93.8
BUYW,2022-12-22,0.0
BUYW,2023-01-26,0.0
BUYW,2023-02-23,0.0
BUYW,2023-03-23,0.0
BUYW,2023-04-20,0.0
BUYW,2023-05-25,0.0
BUYW,2023-06-22,0.0
BUYW,2023-07-20,0.0
BUYW,2023-08-24,0.0
BUYW,2023-09-21,0.0
BUYW,2023-10-19,0.0
BUYW,2023-11-21,0.0
BUYW,2023-12-21,0.0
BUYW,2024-01-25,0.0
BUYW,2024-02-22,0.0
BUYW,2024-03-21,0.0
BUYW,2024-04-24,0.0
BUYW,2024-05-23,0.0
BUYW,2024-06-20,0.0
BUYW,2024-07-25,0.0
BUYW,2024-08-22,0.0
BUYW,2024-09-19,0.0
BUYW,2024-10-24,0.0
BUYW,2024-11-21,0.0
BUYW,2024-12-19,0.0
BUYW,2025-01-24,0.0
BUYW,2025-02-21,0.0
BUYW,2025-03-25,0.0
BUYW,2025-04-25,0.0
BUYW,2025-05-23,0.0
BUYW,2025-06-24,0.0
BUYW,2025-07-25,0.0
BUYW,2025-08-22,0.0
BUYW,2025-09-23,0.0
BUYW,2025-10-24,0.0
BUYW,2025-11-21,0.0
BUYW,2025-12-23,0.0
BUYW,2026-01-22,0.0
BUYW,2026-02-19,0.0
BUYW,2026-03-26,0.0
BUYW,2026-04-23,0.0
BUYW,2026-05-21,0.0
CONY,2025-10-24,0.0
CONY,2025-10-31,97.2
CONY,2025-11-14,0.0
CONY,2025-11-28,93.7
CONY,2025-12-12,92.9
CONY,2025-12-19,0.0
CRCO,2025-10-24,96.0
CRCO,2025-10-31,98.1
CRCO,2025-11-14,96.5
CRCO,2025-11-28,29.8
CRCO,2025-12-12,95.7
CRCO,2025-12-19,99.0
CRSH,2025-10-24,14.3
CRSH,2025-10-31,95.3
CRSH,2025-11-14,97.3
CRSH,2025-11-28,96.9
CRSH,2025-12-12,0.0
CRSH,2025-12-19,0.0
CVNY,2025-10-24,73.1
CVNY,2025-10-31,46.4
CVNY,2025-11-14,0.0
CVNY,2025-11-28,59.6
CVNY,2025-12-12,0.0
CVNY,2025-12-19,44.2
CVRD,2023-09-26,0.0
CVRD,2023-12-26,0.0
CVRD,2024-03-26,0.0
CVRD,2024-06-26,0.0
CVRD,2024-09-26,0.0
CVRD,2024-12-26,0.0
CVRD,2025-03-27,0.0
CVRD,2025-06-26,0.0
CVRD,2025-09-26,0.0
CVRD,2025-12-26,0.0
CVRD,2026-03-27,0.0
DIPS,2025-10-24,91.6
DIPS,2025-10-31,0.0
DIPS,2025-11-14,96.1
DIPS,2025-11-28,0.0
DIPS,2025-12-12,0.5
DIPS,2025-12-19,30.8
DISO,2025-10-24,33.2
DISO,2025-10-31,8.4
DISO,2025-11-14,0.0
DISO,2025-11-28,17.7
DISO,2025-12-12,93.9
DISO,2025-12-19,92.8
DIVO,2023-06-30,44.2
DIVO,2023-08-31,48.5
DIVO,2023-09-29,48.3
DIVO,2023-11-30,63.3
DIVO,2023-12-29,38.3
DIVO,2024-01-31,69.1
DIVO,2024-02-29,61.8
DIVO,2024-03-28,49.3
DIVO,2024-05-31,55.3
DIVO,2024-06-28,63.6
DIVO,2024-07-31,61.2
DIVO,2024-08-30,54.0
DIVO,2024-10-31,71.9
DIVO,2024-12-31,70.4
DIVO,2025-01-31,73.6
DIVO,2025-02-28,59.9
DIVO,2025-04-30,69.9
DIVO,2025-07-31,77.5
DIVO,2025-08-29,56.0
DIVO,2025-09-30,69.0
DIVO,2025-10-31,83.1
DIVO,2025-12-31,93.6
DIVO,2026-01-30,91.8
DIVO,2026-02-27,60.3
DIVO,2026-03-31,43.8
DIVO,2026-04-30,86.9
DIVO,2026-05-29,54.7
DJIA,2022-03-29,39.4
DJIA,2022-04-26,0.0
DJIA,2022-06-01,0.0
DJIA,2022-06-29,0.0
DJIA,2022-07-26,98.4
DJIA,2022-08-30,70.4
DJIA,2022-09-27,81.1
DJIA,2022-11-01,95.8
DJIA,2022-11-30,79.3
DJIA,2023-01-31,91.7
DJIA,2023-03-01,75.4
DJIA,2023-03-28,79.1
DJIA,2023-05-02,92.5
DJIA,2023-05-31,45.2
DJIA,2023-06-28,73.3
DJIA,2023-08-01,92.2
DJIA,2023-08-29,80.0
DJIA,2023-09-26,58.5
DJIA,2023-10-31,94.0
DJIA,2023-11-29,69.3
DJIA,2024-01-30,88.2
DJIA,2024-02-28,71.0
DJIA,2024-03-26,62.2
DJIA,2024-04-30,95.9
DJIA,2024-05-29,82.7
DJIA,2024-07-01,59.9
DJIA,2024-07-29,94.8
DJIA,2024-08-26,82.4
DJIA,2024-09-30,73.8
DJIA,2024-10-28,97.4
DJIA,2024-11-25,94.0
DJIA,2025-01-28,99.0
DJIA,2025-03-03,78.2
DJIA,2025-03-31,79.8
DJIA,2025-04-28,98.9
DJIA,2025-05-27,77.1
DJIA,2025-06-30,75.6
DJIA,2025-07-28,96.0
DJIA,2025-08-25,94.5
DJIA,2025-09-29,62.2
DJIA,2025-10-27,100.0
DJIA,2025-12-02,88.6
DJIA,2025-12-30,70.6
DJIA,2026-01-23,100.0
DJIA,2026-02-26,83.0
DJIA,2026-03-26,83.2
DJIA,2026-04-23,98.6
DJIA,2026-05-21,92.5
DJIA,2026-06-25,69.2
DRAY,2025-10-24,96.8
DRAY,2025-10-31,100.0
DRAY,2025-11-14,0.0
DRAY,2025-11-28,97.0
DRAY,2025-12-12,96.2
DRAY,2025-12-19,96.7
EIPI,2026-01-30,72.5
EIPI,2026-02-27,33.1
EIPI,2026-03-31,0.0
EIPI,2026-04-30,0.0
EIPI,2026-05-29,0.0
FBY,2025-10-24,26.3
FBY,2025-10-31,95.9
FBY,2025-11-14,92.1
FBY,2025-11-28,25.2
FBY,2025-12-12,93.5
FBY,2025-12-19,0.0
FEAT,2025-12-18,96.5
FEAT,2026-01-22,46.8
FEAT,2026-01-29,83.3
FEAT,2026-02-05,56.5
FEAT,2026-02-12,48.8
FEAT,2026-02-26,80.4
FEPI,2023-11-29,100.0
FEPI,2023-12-28,100.0
FEPI,2024-01-26,100.0
FEPI,2024-02-28,100.0
FEPI,2024-03-28,100.0
FEPI,2024-04-25,100.0
FEPI,2024-05-28,100.0
FEPI,2024-06-26,100.0
FEPI,2024-07-29,100.0
FEPI,2024-08-28,99.1
FEPI,2024-09-27,100.0
FEPI,2024-10-25,100.0
FEPI,2024-11-27,100.0
FEPI,2024-12-26,100.0
FEPI,2025-01-30,100.0
FEPI,2025-02-27,100.0
FEPI,2025-03-27,100.0
FEPI,2025-04-24,100.0
FEPI,2025-05-29,100.0
FEPI,2025-06-26,100.0
FEPI,2025-07-24,100.0
FEPI,2025-08-28,100.0
FEPI,2025-09-25,100.0
FEPI,2025-10-30,100.0
FEPI,2025-11-26,0.0
FEPI,2025-12-26,100.0
FEPI,2026-01-29,100.0
FEPI,2026-02-26,100.0
FEPI,2026-03-26,100.0
FEPI,2026-04-23,100.0
FEPI,2026-05-28,100.0
FEPI,2026-06-04,100.0
FEPI,2026-06-11,100.0
FIAT,2025-10-24,96.7
FIAT,2025-10-31,100.0
FIAT,2025-11-14,97.6
FIAT,2025-11-28,98.5
FIAT,2025-12-12,0.0
FIAT,2025-12-19,30.9
FIVY,2025-12-18,0.0
FIVY,2026-01-22,64.4
FIVY,2026-01-29,83.3
FIVY,2026-02-05,56.4
FIVY,2026-02-12,48.4
FIVY,2026-02-26,80.6
FTHI,2026-01-30,97.9
FTHI,2026-02-27,98.3
FTHI,2026-03-31,93.8
FTHI,2026-04-30,93.4
FTHI,2026-05-29,94.0
FTQI,2026-01-30,100.0
FTQI,2026-02-27,100.0
FTQI,2026-03-31,98.0
FTQI,2026-04-30,98.4
FTQI,2026-05-29,98.5
GDXY,2025-10-24,93.8
GDXY,2025-10-31,0.0
GDXY,2025-11-14,24.1
GDXY,2025-11-28,92.8
GDXY,2025-12-19,95.5
GMEY,2025-10-24,96.6
GMEY,2025-10-31,95.8
GMEY,2025-11-14,0.0
GMEY,2025-11-28,47.6
GMEY,2025-12-12,96.5
GMEY,2025-12-19,0.0
GOOY,2025-10-24,96.8
GOOY,2025-10-31,95.5
GOOY,2025-11-14,0.0
GOOY,2025-11-28,96.3
GOOY,2025-12-12,7.3
GOOY,2025-12-19,0.0
GPTY,2025-12-18,0.0
GPTY,2026-01-22,23.7
GPTY,2026-01-29,100.0
GPTY,2026-02-05,100.0
GPTY,2026-02-12,0.0
GPTY,2026-02-26,100.0
HIYY,2025-10-24,99.8
HIYY,2025-10-31,100.0
HIYY,2025-11-14,15.6
HIYY,2025-11-28,14.5
HIYY,2025-12-12,100.0
HIYY,2025-12-19,0.0
HOOY,2025-10-24,0.0
HOOY,2025-10-31,98.4
HOOY,2025-11-14,0.0
HOOY,2025-11-28,1.9
HOOY,2025-12-12,86.4
HOOY,2025-12-19,95.6
HYGW,2025-11-07,48.0
HYGW,2025-12-05,9.0
HYGW,2025-12-29,42.0
HYGW,2026-02-06,0.0
HYGW,2026-03-06,0.0
HYGW,2026-04-08,60.0
HYGW,2026-05-07,34.0
HYGW,2026-06-05,0.0
IAUI,2025-06-27,92.0
IAUI,2025-07-25,90.8
IAUI,2025-08-22,90.8
IAUI,2025-09-26,89.5
IAUI,2025-10-24,91.8
IAUI,2025-11-28,90.3
IAUI,2025-12-26,91.1
IAUI,2026-01-23,90.0
IAUI,2026-02-18,93.2
IAUI,2026-03-20,87.0
IAUI,2026-04-24,83.2
IAUI,2026-05-22,86.0
IAUI,2026-06-18,84.2
IFLR,2026-03-31,0.0
IQQQ,2024-05-08,96.2
IQQQ,2024-06-10,94.1
IQQQ,2024-07-09,96.2
IQQQ,2024-08-08,100.0
IQQQ,2024-09-10,98.0
IQQQ,2024-10-08,91.5
IQQQ,2025-03-07,91.5
IQQQ,2025-04-07,97.4
IQQQ,2025-05-07,100.0
IQQQ,2025-06-06,95.4
IQQQ,2025-07-08,93.0
IQQQ,2025-08-07,100.0
IQQQ,2025-09-08,90.6
IQQQ,2025-10-07,84.4
IQQQ,2025-11-07,100.0
IQQQ,2025-12-31,86.5
IQQQ,2026-02-06,97.0
IQQQ,2026-03-06,97.4
IQQQ,2026-04-08,89.0
IQQQ,2026-05-07,96.7
IQQQ,2026-06-05,87.3
ISPY,2024-02-08,94.1
ISPY,2024-03-08,86.2
ISPY,2024-04-08,92.3
ISPY,2024-06-10,91.2
ISPY,2024-07-09,94.7
ISPY,2024-08-08,90.9
ISPY,2024-09-10,93.0
ISPY,2025-03-07,80.7
ISPY,2025-04-07,96.3
ISPY,2025-05-07,98.5
ISPY,2025-06-06,95.0
ISPY,2025-07-08,80.7
ISPY,2025-08-07,58.8
ISPY,2025-09-08,76.5
ISPY,2025-10-07,65.4
ISPY,2025-11-07,75.9
ISPY,2025-12-31,67.8
ISPY,2026-02-06,89.2
ISPY,2026-03-06,84.3
ISPY,2026-04-08,86.4
ISPY,2026-05-07,91.3
ISPY,2026-06-05,80.7
ITWO,2025-03-07,88.8
ITWO,2025-04-07,93.9
ITWO,2025-05-07,98.0
ITWO,2025-06-06,89.6
ITWO,2025-07-08,89.1
ITWO,2025-08-07,79.6
ITWO,2025-09-02,87.9
ITWO,2025-10-01,88.8
ITWO,2025-11-03,76.4
ITWO,2025-12-31,81.0
ITWO,2026-02-06,95.5
ITWO,2026-03-06,95.2
ITWO,2026-04-08,92.4
ITWO,2026-05-07,88.2
ITWO,2026-06-05,83.7
IVVW,2025-11-07,100.0
IVVW,2025-12-05,48.0
IVVW,2025-12-29,42.0
IVVW,2026-02-06,100.0
IVVW,2026-03-06,0.0
IVVW,2026-04-08,20.0
IVVW,2026-05-07,100.0
IVVW,2026-06-05,100.0
IWMI,2024-06-27,100.0
IWMI,2024-07-25,99.0
IWMI,2024-08-22,100.0
IWMI,2024-09-26,100.0
IWMI,2024-10-24,90.4
IWMI,2024-11-21,100.0
IWMI,2024-12-26,86.3
IWMI,2025-01-24,100.0
IWMI,2025-02-28,100.0
IWMI,2025-03-28,89.8
IWMI,2025-04-25,100.0
IWMI,2025-05-23,100.0
IWMI,2025-06-27,79.0
IWMI,2025-07-25,100.0
IWMI,2025-08-22,100.0
IWMI,2025-09-26,85.2
IWMI,2025-10-24,87.8
IWMI,2025-11-28,100.0
IWMI,2025-12-26,84.6
IWMI,2026-01-23,100.0
IWMI,2026-02-20,100.0
IWMI,2026-03-20,100.0
IWMI,2026-04-24,85.5
IWMI,2026-05-22,100.0
IWMI,2026-06-18,100.0
IWMW,2025-11-07,85.0
IWMW,2025-12-05,0.0
IWMW,2025-12-29,80.0
IWMW,2026-02-06,100.0
IWMW,2026-03-06,100.0
IWMW,2026-04-08,89.0
IWMW,2026-05-07,100.0
IWMW,2026-06-05,100.0
JEPI,2020-07-01,0.0
JEPI,2020-08-03,0.0
JEPI,2020-09-01,0.0
JEPI,2020-10-01,0.0
JEPI,2020-11-02,0.0
JEPI,2020-12-01,0.0
JEPI,2020-12-30,0.0
JEPI,2021-02-01,0.0
JEPI,2021-03-01,0.0
JEPI,2021-04-01,0.0
JEPI,2021-05-03,0.0
JEPI,2021-06-01,0.0
JEPI,2021-07-01,0.0
JEPI,2021-08-02,0.0
JEPI,2021-09-01,0.0
JEPI,2021-10-01,0.0
JEPI,2021-11-01,0.0
JEPI,2021-12-01,0.0
JEPI,2021-12-30,0.0
JEPI,2022-02-01,0.0
JEPI,2022-03-01,0.0
JEPI,2022-04-01,0.0
JEPI,2022-05-02,0.0
JEPI,2022-06-01,0.0
JEPI,2022-07-01,0.0
JEPI,2022-08-01,0.0
JEPI,2022-09-01,0.0
JEPI,2022-10-03,0.0
JEPI,2022-11-01,0.0
JEPI,2022-12-01,0.0
JEPI,2022-12-29,0.0
JEPI,2023-02-01,0.0
JEPI,2023-03-01,0.0
JEPI,2023-04-03,0.0
JEPI,2023-05-01,0.0
JEPI,2023-06-01,0.0
JEPI,2023-07-03,0.0
JEPI,2023-08-01,0.0
JEPI,2023-09-01,0.0
JEPI,2023-10-02,0.0
JEPI,2023-11-01,0.0
JEPI,2023-12-01,0.0
JEPI,2023-12-28,0.0
JEPI,2024-02-01,0.0
JEPI,2024-03-01,0.0
JEPI,2024-04-01,0.0
JEPI,2024-05-01,0.0
JEPI,2024-06-03,0.0
JEPI,2024-07-01,0.0
JEPI,2024-08-01,0.0
JEPI,2024-09-03,0.0
JEPI,2024-10-01,0.0
JEPI,2024-11-01,0.0
JEPI,2024-12-02,0.0
JEPI,2024-12-31,0.0
JEPI,2025-02-03,0.0
JEPI,2025-03-03,0.0
JEPI,2025-04-01,0.0
JEPI,2025-05-01,0.0
JEPI,2025-06-02,0.0
JEPI,2025-07-01,0.0
JEPI,2025-08-01,0.0
JEPI,2025-09-02,0.0
JEPI,2025-10-01,0.0
JEPI,2025-11-03,0.0
JEPI,2025-12-01,0.0
JEPI,2025-12-31,0.0
JEPI,2026-02-02,0.0
JEPI,2026-03-02,0.0
JEPI,2026-04-01,0.0
JEPI,2026-05-01,0.0
JEPI,2026-06-01,0.0
JEPQ,2022-06-01,0.0
JEPQ,2022-07-01,0.0
JEPQ,2022-08-01,0.0
JEPQ,2022-09-01,0.0
JEPQ,2022-10-03,0.0
JEPQ,2022-11-01,0.0
JEPQ,2022-12-01,0.0
JEPQ,2022-12-29,0.0
JEPQ,2023-02-01,0.0
JEPQ,2023-03-01,0.0
JEPQ,2023-04-03,0.0
JEPQ,2023-05-01,0.0
JEPQ,2023-06-01,0.0
JEPQ,2023-07-03,0.0
JEPQ,2023-08-01,0.0
JEPQ,2023-09-01,0.0
JEPQ,2023-10-02,0.0
JEPQ,2023-11-01,0.0
JEPQ,2023-12-01,0.0
JEPQ,2023-12-28,0.0
JEPQ,2024-02-01,0.0
JEPQ,2024-03-01,0.0
JEPQ,2024-04-01,0.0
JEPQ,2024-05-01,0.0
JEPQ,2024-06-03,0.0
JEPQ,2024-07-01,0.0
JEPQ,2024-08-01,0.0
JEPQ,2024-09-03,0.0
JEPQ,2024-10-01,0.0
JEPQ,2024-11-01,0.0
JEPQ,2024-12-02,0.0
JEPQ,2024-12-31,0.0
JEPQ,2025-02-03,0.0
JEPQ,2025-03-03,0.0
JEPQ,2025-04-01,0.0
JEPQ,2025-05-01,0.0
JEPQ,2025-06-02,0.0
JEPQ,2025-07-01,0.0
JEPQ,2025-08-01,0.0
JEPQ,2025-09-02,0.0
JEPQ,2025-10-01,0.0
JEPQ,2025-11-03,0.0
JEPQ,2025-12-01,0.0
JEPQ,2025-12-31,0.0
JEPQ,2026-02-02,0.0
JEPQ,2026-03-02,0.0
JEPQ,2026-04-01,0.0
JEPQ,2026-05-01,0.0
JEPQ,2026-06-01,0.0
JPMO,2025-10-24,0.0
JPMO,2025-10-31,62.7
JPMO,2025-11-14,0.0
JPMO,2025-11-28,23.8
JPMO,2025-12-12,91.7
JPMO,2025-12-19,1.3
KLIP,2024-01-31,95.9
KLIP,2024-02-29,100.0
KLIP,2024-05-31,100.0
KLIP,2024-06-28,100.0
KLIP,2024-07-31,100.0
KLIP,2024-08-30,100.0
KLIP,2024-09-30,100.0
KLIP,2024-10-31,100.0
KLIP,2024-11-29,100.0
KLIP,2024-12-31,0.0
KLIP,2025-01-31,100.0
KLIP,2025-02-28,100.0
KLIP,2025-03-31,100.0
KLIP,2025-04-30,100.0
KLIP,2025-05-30,100.0
KLIP,2025-06-30,100.0
LFGY,2025-12-18,42.2
LFGY,2026-01-22,0.0
LFGY,2026-01-29,100.0
LFGY,2026-02-05,100.0
LFGY,2026-02-12,0.0
LFGY,2026-02-26,100.0
LQDW,2025-11-07,74.0
LQDW,2025-12-05,66.0
LQDW,2025-12-29,64.0
LQDW,2026-02-06,61.0
LQDW,2026-03-06,50.0
LQDW,2026-04-08,42.0
LQDW,2026-05-07,0.0
LQDW,2026-06-05,14.0
MAGY,2025-05-09,100.0
MAGY,2025-05-16,100.0
MAGY,2025-05-23,100.0
MAGY,2025-05-30,100.0
MAGY,2025-06-06,100.0
MAGY,2025-06-13,100.0
MAGY,2025-06-20,100.0
MAGY,2025-06-27,100.0
MAGY,2025-07-03,100.0
MAGY,2025-07-11,100.0
MAGY,2025-07-18,100.0
MAGY,2025-07-25,100.0
MAGY,2025-08-01,100.0
MAGY,2025-08-08,100.0
MAGY,2025-08-15,100.0
MAGY,2025-08-22,100.0
MAGY,2025-08-29,100.0
MAGY,2025-09-05,100.0
MAGY,2025-09-12,100.0
MAGY,2025-09-19,100.0
MAGY,2025-09-26,100.0
MAGY,2025-10-03,100.0
MAGY,2025-10-10,100.0
MAGY,2025-10-17,100.0
MAGY,2025-10-24,100.0
MAGY,2025-10-31,100.0
MAGY,2025-11-07,100.0
MAGY,2025-11-14,100.0
MAGY,2025-11-21,100.0
MAGY,2025-11-28,100.0
MAGY,2025-12-05,100.0
MAGY,2025-12-12,100.0
MAGY,2025-12-19,100.0
MAGY,2025-12-24,100.0
MAGY,2026-01-02,100.0
MAGY,2026-01-09,100.0
MAGY,2026-01-16,100.0
MAGY,2026-01-23,100.0
MAGY,2026-01-30,100.0
MAGY,2026-02-06,100.0
MAGY,2026-02-13,100.0
MAGY,2026-02-20,100.0
MAGY,2026-02-27,100.0
MAGY,2026-03-06,100.0
MAGY,2026-03-13,100.0
MAGY,2026-03-20,100.0
MAGY,2026-03-27,100.0
MAGY,2026-04-02,100.0
MAGY,2026-04-10,100.0
MAGY,2026-04-17,100.0
MAGY,2026-04-24,100.0
MAGY,2026-05-01,100.0
MAGY,2026-05-08,100.0
MAGY,2026-05-15,100.0
MAGY,2026-05-22,100.0
MAGY,2026-05-29,100.0
MAGY,2026-06-05,100.0
MAGY,2026-06-12,100.0
MAGY,2026-06-18,100.0
MARO,2025-10-24,0.0
MARO,2025-10-31,0.0
MARO,2025-11-14,96.5
MARO,2025-11-28,94.9
MARO,2025-12-12,100.0
MARO,2025-12-19,56.0
MDST,2024-05-06,100.0
MDST,2024-07-02,100.0
MDST,2024-08-05,100.0
MDST,2024-09-03,100.0
MDST,2024-10-02,100.0
MDST,2024-11-04,100.0
MDST,2024-12-02,100.0
MDST,2025-01-10,100.0
MDST,2025-02-05,100.0
MDST,2025-03-04,100.0
MDST,2025-04-02,100.0
MDST,2025-05-05,100.0
MDST,2025-06-03,100.0
MDST,2025-07-02,100.0
MDST,2025-08-04,100.0
MDST,2025-09-02,100.0
MDST,2025-10-06,100.0
MDST,2025-11-04,100.0
MDST,2025-12-01,100.0
MDST,2026-01-09,0.0
MDST,2026-02-03,100.0
MDST,2026-03-03,100.0
MDST,2026-04-06,100.0
MDST,2026-05-04,100.0
MDST,2026-06-02,100.0
MLPD,2024-05-29,100.0
MLPD,2024-07-01,100.0
MLPD,2024-07-29,100.0
MLPD,2024-08-26,0.0
MLPD,2024-09-30,100.0
MLPD,2024-10-28,100.0
MLPD,2024-11-25,0.0
MLPD,2025-01-28,91.2
MLPD,2025-03-03,16.2
MLPD,2025-03-31,100.0
MLPD,2025-04-28,100.0
MLPD,2025-05-27,0.0
MLPD,2025-06-30,100.0
MLPD,2025-07-28,100.0
MLPD,2025-08-25,0.0
MLPD,2025-09-29,100.0
MLPD,2025-10-27,100.0
MLPD,2025-12-30,100.0
MLPD,2026-01-23,89.5
MLPD,2026-02-26,0.0
MLPD,2026-03-26,100.0
MLPD,2026-04-23,100.0
MLPD,2026-05-21,0.0
MLPD,2026-06-25,100.0
MRNY,2025-10-24,0.0
MRNY,2025-10-31,20.3
MRNY,2025-11-14,0.0
MRNY,2025-11-28,8.2
MRNY,2025-12-12,96.0
MRNY,2025-12-19,97.4
MSTY,2025-10-24,35.2
MSTY,2025-10-31,78.6
MSTY,2025-11-14,96.0
MSTY,2025-11-28,69.7
MSTY,2025-12-12,96.3
MSTY,2025-12-19,92.5
NEHI,2025-12-26,97.5
NEHI,2026-01-23,97.7
NEHI,2026-02-20,96.7
NEHI,2026-03-20,93.5
NEHI,2026-04-24,94.5
NEHI,2026-05-22,95.9
NEHI,2026-06-18,93.3
NFLY,2025-10-24,37.3
NFLY,2025-10-31,0.0
NFLY,2025-11-14,4.9
NFLY,2025-11-28,0.0
NFLY,2025-12-12,5.8
NFLY,2025-12-19,0.0
NIHI,2025-09-26,100.0
NIHI,2025-10-24,100.0
NIHI,2025-11-28,100.0
NIHI,2025-12-26,0.0
NIHI,2026-01-23,100.0
NIHI,2026-02-20,100.0
NIHI,2026-03-20,100.0
NIHI,2026-04-24,100.0
NIHI,2026-05-22,100.0
NIHI,2026-06-18,0.0
NVDY,2025-10-24,0.0
NVDY,2025-10-31,21.2
NVDY,2025-11-14,0.0
NVDY,2025-11-28,5.3
NVDY,2025-12-12,66.3
NVDY,2025-12-19,9.8
OARK,2025-10-24,0.0
OARK,2025-10-31,96.8
OARK,2025-11-14,0.0
OARK,2025-11-28,44.9
OARK,2025-12-12,93.6
OARK,2025-12-19,0.0
OEI,2025-11-15,96.7
OEI,2025-12-15,100.0
OEI,2026-01-15,100.0
OEI,2026-02-15,100.0
OEI,2026-03-15,100.0
OEI,2026-04-15,100.0
OEI,2026-05-15,98.7
OEI,2026-06-15,100.0
OMAH,2025-03-28,95.8
OMAH,2025-04-29,87.9
PBP,2025-02-24,88.7
PBP,2025-03-24,85.7
PBP,2025-08-18,88.8
PBP,2025-09-22,89.3
PBP,2025-10-20,93.7
PBP,2025-11-24,89.9
PBP,2025-12-22,24.3
PLTY,2025-10-24,16.4
PLTY,2025-10-31,61.4
PLTY,2025-11-14,0.0
PLTY,2025-11-28,1.7
PLTY,2025-12-12,92.5
PLTY,2025-12-19,93.3
PYPY,2025-10-24,93.0
PYPY,2025-10-31,95.7
PYPY,2025-11-14,24.3
PYPY,2025-11-28,91.5
PYPY,2025-12-12,16.6
PYPY,2025-12-19,81.6
QDTE,2024-03-26,100.0
QDTE,2024-04-03,100.0
QDTE,2024-04-10,100.0
QDTE,2024-04-17,100.0
QDTE,2024-04-24,100.0
QDTE,2024-05-01,100.0
QDTE,2024-05-08,100.0
QDTE,2024-05-15,100.0
QDTE,2024-05-22,100.0
QDTE,2024-05-30,100.0
QDTE,2024-06-06,100.0
QDTE,2024-06-13,100.0
QDTE,2024-06-20,100.0
QDTE,2024-06-27,100.0
QDTE,2024-07-03,100.0
QDTE,2024-07-11,100.0
QDTE,2024-07-18,100.0
QDTE,2024-07-25,100.0
QDTE,2024-08-01,100.0
QDTE,2024-08-08,100.0
QDTE,2024-08-15,100.0
QDTE,2024-08-22,100.0
QDTE,2024-08-29,100.0
QDTE,2024-09-05,100.0
QDTE,2024-09-12,100.0
QDTE,2024-09-19,100.0
QDTE,2024-09-26,100.0
QDTE,2024-10-03,100.0
QDTE,2024-10-10,100.0
QDTE,2024-10-17,100.0
QDTE,2024-10-24,100.0
QDTE,2024-10-31,100.0
QDTE,2024-11-07,100.0
QDTE,2024-11-14,100.0
QDTE,2024-11-21,100.0
QDTE,2024-11-27,100.0
QDTE,2024-12-05,100.0
QDTE,2024-12-12,100.0
QDTE,2024-12-19,100.0
QDTE,2024-12-26,100.0
QDTE,2025-01-02,100.0
QDTE,2025-01-08,100.0
QDTE,2025-01-16,100.0
QDTE,2025-01-23,100.0
QDTE,2025-01-30,100.0
QDTE,2025-02-06,100.0
QDTE,2025-02-13,100.0
QDTE,2025-02-20,100.0
QDTE,2025-02-27,100.0
QDTE,2025-03-06,100.0
QDTE,2025-03-13,100.0
QDTE,2025-03-20,100.0
QDTE,2025-03-27,100.0
QDTE,2025-04-03,100.0
QDTE,2025-04-10,100.0
QDTE,2025-04-16,100.0
QDTE,2025-04-24,100.0
QDTE,2025-05-01,100.0
QDTE,2025-05-08,100.0
QDTE,2025-05-15,100.0
QDTE,2025-05-22,100.0
QDTE,2025-05-29,100.0
QDTE,2025-06-05,100.0
QDTE,2025-06-12,100.0
QDTE,2025-06-18,100.0
QDTE,2025-06-26,100.0
QDTE,2025-07-02,100.0
QDTE,2025-07-10,100.0
QDTE,2025-07-17,100.0
QDTE,2025-07-24,100.0
QDTE,2025-07-31,100.0
QDTE,2025-08-07,100.0
QDTE,2025-08-14,100.0
QDTE,2025-08-21,100.0
QDTE,2025-08-28,100.0
QDTE,2025-09-04,100.0
QDTE,2025-09-11,100.0
QDTE,2025-09-18,100.0
QDTE,2025-09-25,100.0
QDTE,2025-10-02,100.0
QDTE,2025-10-09,100.0
QDTE,2025-10-16,100.0
QDTE,2025-10-23,100.0
QDTE,2025-10-30,100.0
QDTE,2025-11-06,100.0
QDTE,2025-11-13,100.0
QDTE,2025-11-20,100.0
QDTE,2025-11-26,100.0
QDTE,2025-12-04,100.0
QDTE,2025-12-11,100.0
QDTE,2025-12-18,100.0
QDTE,2025-12-24,100.0
QDTE,2025-12-31,100.0
QDTE,2026-01-08,100.0
QDTE,2026-01-15,100.0
QDTE,2026-01-22,100.0
QDTE,2026-01-29,100.0
QDTE,2026-02-05,100.0
QDTE,2026-02-12,100.0
QDTE,2026-02-19,100.0
QDTE,2026-02-26,100.0
QDTE,2026-03-05,100.0
QDTE,2026-03-12,100.0
QDTE,2026-03-19,100.0
QDTE,2026-03-26,100.0
QDTE,2026-04-01,100.0
QDTE,2026-04-09,100.0
QDTE,2026-04-16,100.0
QDTE,2026-04-23,100.0
QDTE,2026-04-30,100.0
QDTE,2026-05-07,100.0
QDTE,2026-05-14,100.0
QDTE,2026-05-21,100.0
QDTE,2026-05-28,100.0
QDTE,2026-06-04,100.0
QDTE,2026-06-11,100.0
QDTE,2026-06-17,100.0
QDTE,2026-06-25,100.0
QDTY,2025-12-18,19.3
QDTY,2026-01-22,63.7
QDTY,2026-01-29,0.0
QDTY,2026-02-05,100.0
QDTY,2026-02-12,0.0
QDTY,2026-02-26,46.9
QDVO,2024-09-30,92.9
QDVO,2024-10-31,100.0
QDVO,2024-12-31,96.4
QDVO,2025-01-31,100.0
QDVO,2025-02-28,97.5
QDVO,2025-03-31,92.7
QDVO,2025-04-30,100.0
QDVO,2025-07-31,100.0
QDVO,2025-08-29,96.6
QDVO,2025-09-30,95.9
QDVO,2025-10-31,100.0
QDVO,2025-12-31,97.2
QDVO,2026-01-30,100.0
QDVO,2026-02-27,95.6
QDVO,2026-03-31,94.3
QDVO,2026-04-30,100.0
QDVO,2026-05-29,97.9
QQQI,2024-02-23,97.2
QQQI,2024-03-22,97.4
QQQI,2024-04-26,100.0
QQQI,2024-05-24,96.8
QQQI,2024-06-27,98.1
QQQI,2024-07-25,100.0
QQQI,2024-08-22,98.5
QQQI,2024-09-26,98.8
QQQI,2024-10-24,100.0
QQQI,2024-11-21,99.5
QQQI,2024-12-26,97.9
QQQI,2025-01-24,100.0
QQQI,2025-02-28,99.4
QQQI,2025-03-28,98.3
QQQI,2025-04-25,100.0
QQQI,2025-05-23,98.6
QQQI,2025-06-27,98.5
QQQI,2025-07-25,100.0
QQQI,2025-08-22,100.0
QQQI,2025-09-26,98.5
QQQI,2025-10-24,100.0
QQQI,2025-11-28,99.3
QQQI,2025-12-26,99.3
QQQI,2026-01-23,100.0
QQQI,2026-02-20,100.0
QQQI,2026-03-20,97.2
QQQI,2026-04-24,100.0
QQQI,2026-05-22,99.2
QQQI,2026-06-18,97.9
QYLD,2015-12-30,83.9
QYLD,2016-01-26,9.0
QYLD,2016-03-01,0.0
QYLD,2016-03-29,53.9
QYLD,2016-04-26,54.8
QYLD,2016-05-31,45.0
QYLD,2016-06-28,20.3
QYLD,2016-07-26,31.9
QYLD,2016-08-30,2.9
QYLD,2016-09-23,36.1
QYLD,2016-11-01,21.3
QYLD,2016-11-29,0.0
QYLD,2016-12-23,56.3
QYLD,2017-01-31,76.1
QYLD,2017-02-28,42.0
QYLD,2017-03-28,50.0
QYLD,2017-05-02,60.8
QYLD,2017-05-26,23.0
QYLD,2017-06-23,59.9
QYLD,2017-08-01,61.6
QYLD,2017-08-29,56.2
QYLD,2017-09-26,45.3
QYLD,2017-10-31,50.0
QYLD,2017-11-28,76.8
QYLD,2017-12-26,42.1
QYLD,2018-01-30,100.0
QYLD,2018-02-27,94.2
QYLD,2018-03-27,0.0
QYLD,2018-05-01,94.5
QYLD,2018-05-29,79.6
QYLD,2018-06-26,79.8
QYLD,2018-07-31,82.6
QYLD,2018-08-28,75.9
QYLD,2018-10-02,75.7
QYLD,2018-10-30,82.3
QYLD,2018-11-27,87.1
QYLD,2019-01-31,100.0
QYLD,2019-02-28,95.2
QYLD,2019-03-28,95.4
QYLD,2019-05-02,100.0
QYLD,2019-05-31,91.2
QYLD,2019-07-05,99.9
QYLD,2019-08-01,100.0
QYLD,2019-08-29,92.3
QYLD,2019-10-03,100.0
QYLD,2019-10-31,100.0
QYLD,2019-11-29,94.5
QYLD,2020-01-29,100.0
QYLD,2020-03-03,95.2
QYLD,2020-03-31,95.8
QYLD,2020-04-28,99.2
QYLD,2020-05-27,95.6
QYLD,2020-06-30,94.8
QYLD,2020-07-28,100.0
QYLD,2020-09-01,94.8
QYLD,2020-09-29,100.0
QYLD,2020-10-27,100.0
QYLD,2020-12-02,66.2
QYLD,2021-01-27,100.0
QYLD,2021-03-02,96.5
QYLD,2021-03-30,98.5
QYLD,2021-04-27,100.0
QYLD,2021-06-02,96.4
QYLD,2021-06-29,99.9
QYLD,2021-07-27,100.0
QYLD,2021-08-31,96.2
QYLD,2021-09-28,100.0
QYLD,2021-10-26,100.0
QYLD,2021-12-01,96.7
QYLD,2022-02-01,100.0
QYLD,2022-03-02,17.8
QYLD,2022-03-29,0.0
QYLD,2022-04-26,0.0
QYLD,2022-06-01,0.0
QYLD,2022-06-29,0.0
QYLD,2022-07-26,99.0
QYLD,2022-08-30,93.9
QYLD,2022-09-27,98.9
QYLD,2022-11-01,0.0
QYLD,2022-11-30,91.6
QYLD,2023-01-31,100.0
QYLD,2023-03-01,92.8
QYLD,2023-03-28,97.0
QYLD,2023-05-02,100.0
QYLD,2023-05-31,93.6
QYLD,2023-06-28,99.5
QYLD,2023-08-01,100.0
QYLD,2023-08-29,94.7
QYLD,2023-09-26,98.0
QYLD,2023-10-31,100.0
QYLD,2023-11-29,93.1
QYLD,2024-01-30,100.0
QYLD,2024-02-28,96.8
QYLD,2024-03-26,95.8
QYLD,2024-04-30,100.0
QYLD,2024-05-29,95.2
QYLD,2024-07-01,97.3
QYLD,2024-07-29,100.0
QYLD,2024-08-26,96.4
QYLD,2024-09-30,96.5
QYLD,2024-10-28,100.0
QYLD,2024-11-25,99.5
QYLD,2025-01-28,100.0
QYLD,2025-03-03,98.4
QYLD,2025-03-31,95.0
QYLD,2025-04-28,100.0
QYLD,2025-05-27,96.2
QYLD,2025-06-30,97.2
QYLD,2025-07-28,100.0
QYLD,2025-08-25,100.0
QYLD,2025-09-29,97.1
QYLD,2025-10-27,100.0
QYLD,2025-12-02,98.1
QYLD,2025-12-30,98.3
QYLD,2026-01-23,100.0
QYLD,2026-02-26,99.7
QYLD,2026-03-26,96.7
QYLD,2026-04-23,100.0
QYLD,2026-05-21,99.0
QYLD,2026-06-25,97.5
QYLG,2020-10-27,100.0
QYLG,2020-12-02,0.0
QYLG,2021-01-27,4.4
QYLG,2021-03-02,95.0
QYLG,2021-03-30,0.0
QYLG,2021-04-27,100.0
QYLG,2021-06-02,0.0
QYLG,2021-06-29,0.0
QYLG,2021-07-27,100.0
QYLG,2021-08-31,93.2
QYLG,2021-09-28,100.0
QYLG,2021-10-26,100.0
QYLG,2021-12-01,93.8
QYLG,2022-02-01,0.0
QYLG,2022-03-02,0.0
QYLG,2022-03-29,0.0
QYLG,2022-04-26,0.0
QYLG,2022-06-01,0.0
QYLG,2022-06-29,0.0
QYLG,2022-07-26,98.5
QYLG,2022-08-30,88.9
QYLG,2022-09-27,98.1
QYLG,2022-11-01,0.0
QYLG,2022-11-30,84.3
QYLG,2023-01-31,100.0
QYLG,2023-03-01,87.0
QYLG,2023-03-28,94.1
QYLG,2023-05-02,100.0
QYLG,2023-05-31,87.5
QYLG,2023-06-28,99.3
QYLG,2023-08-01,100.0
QYLG,2023-08-29,89.5
QYLG,2023-09-26,96.5
QYLG,2023-10-31,100.0
QYLG,2023-11-29,86.7
QYLG,2024-01-30,100.0
QYLG,2024-02-28,94.0
QYLG,2024-03-26,92.3
QYLG,2024-04-30,99.7
QYLG,2024-05-29,86.9
QYLG,2024-07-01,89.8
QYLG,2024-07-29,96.5
QYLG,2024-08-26,91.6
QYLG,2024-09-30,89.6
QYLG,2024-10-28,99.5
QYLG,2024-11-25,95.7
QYLG,2025-01-28,98.2
QYLG,2025-03-03,89.6
QYLG,2025-03-31,88.0
QYLG,2025-04-28,99.4
QYLG,2025-05-27,92.2
QYLG,2025-06-30,91.4
QYLG,2025-07-28,0.1
QYLG,2025-08-25,96.3
QYLG,2025-09-29,90.0
QYLG,2025-10-27,98.5
QYLG,2025-12-02,95.6
QYLG,2025-12-30,93.8
QYLG,2026-01-23,98.7
QYLG,2026-02-26,94.1
QYLG,2026-03-26,92.7
QYLG,2026-04-23,98.7
QYLG,2026-05-21,96.1
QYLG,2026-06-25,93.3
RBLY,2025-10-24,100.0
RBLY,2025-10-31,0.0
RBLY,2025-11-14,36.6
RBLY,2025-11-28,100.0
RBLY,2025-12-12,100.0
RBLY,2025-12-19,100.0
RDTE,2024-09-26,100.0
RDTE,2024-10-03,100.0
RDTE,2024-10-10,100.0
RDTE,2024-10-17,100.0
RDTE,2024-10-24,100.0
RDTE,2024-10-31,100.0
RDTE,2024-11-07,100.0
RDTE,2024-11-14,100.0
RDTE,2024-11-21,100.0
RDTE,2024-11-27,100.0
RDTE,2024-12-05,100.0
RDTE,2024-12-12,100.0
RDTE,2024-12-19,100.0
RDTE,2024-12-26,100.0
RDTE,2025-01-02,100.0
RDTE,2025-01-08,100.0
RDTE,2025-01-16,100.0
RDTE,2025-01-23,100.0
RDTE,2025-01-30,100.0
RDTE,2025-02-06,100.0
RDTE,2025-02-13,100.0
RDTE,2025-02-20,100.0
RDTE,2025-02-27,100.0
RDTE,2025-03-06,100.0
RDTE,2025-03-13,100.0
RDTE,2025-03-20,100.0
RDTE,2025-03-27,100.0
RDTE,2025-04-03,100.0
RDTE,2025-04-10,100.0
RDTE,2025-04-16,100.0
RDTE,2025-04-24,100.0
RDTE,2025-05-01,100.0
RDTE,2025-05-08,100.0
RDTE,2025-05-15,100.0
RDTE,2025-05-22,100.0
RDTE,2025-05-29,100.0
RDTE,2025-06-05,100.0
RDTE,2025-06-12,100.0
RDTE,2025-06-18,100.0
RDTE,2025-06-26,100.0
RDTE,2025-07-02,100.0
RDTE,2025-07-10,100.0
RDTE,2025-07-17,100.0
RDTE,2025-07-24,100.0
RDTE,2025-07-31,100.0
RDTE,2025-08-07,100.0
RDTE,2025-08-14,100.0
RDTE,2025-08-21,100.0
RDTE,2025-08-28,100.0
RDTE,2025-09-04,100.0
RDTE,2025-09-11,100.0
RDTE,2025-09-18,100.0
RDTE,2025-09-25,100.0
RDTE,2025-10-02,100.0
RDTE,2025-10-09,100.0
RDTE,2025-10-16,100.0
RDTE,2025-10-23,100.0
RDTE,2025-10-30,100.0
RDTE,2025-11-06,100.0
RDTE,2025-11-13,100.0
RDTE,2025-11-20,100.0
RDTE,2025-11-26,100.0
RDTE,2025-12-04,100.0
RDTE,2025-12-11,100.0
RDTE,2025-12-18,100.0
RDTE,2025-12-24,100.0
RDTE,2025-12-31,100.0
RDTE,2026-01-08,100.0
RDTE,2026-01-15,100.0
RDTE,2026-01-22,100.0
RDTE,2026-01-29,100.0
RDTE,2026-02-05,100.0
RDTE,2026-02-12,100.0
RDTE,2026-02-19,100.0
RDTE,2026-02-26,100.0
RDTE,2026-03-05,100.0
RDTE,2026-03-12,100.0
RDTE,2026-03-19,100.0
RDTE,2026-03-26,100.0
RDTE,2026-04-01,100.0
RDTE,2026-04-09,100.0
RDTE,2026-04-16,100.0
RDTE,2026-04-23,100.0
RDTE,2026-04-30,100.0
RDTE,2026-05-07,100.0
RDTE,2026-05-14,100.0
RDTE,2026-05-21,100.0
RDTE,2026-05-28,100.0
RDTE,2026-06-04,100.0
RDTE,2026-06-11,100.0
RDTE,2026-06-17,100.0
RDTE,2026-06-25,100.0
RDTY,2025-12-18,100.0
RDTY,2026-01-22,77.1
RDTY,2026-01-29,0.0
RDTY,2026-02-05,100.0
RDTY,2026-02-12,0.0
RDTY,2026-02-26,0.0
RDYY,2025-10-24,81.9
RDYY,2025-10-31,79.5
RDYY,2025-11-14,0.0
RDYY,2025-11-28,8.4
RDYY,2025-12-12,100.0
RDYY,2025-12-19,100.0
RYLD,2019-07-05,0.0
RYLD,2019-08-01,0.0
RYLD,2019-08-29,0.0
RYLD,2019-10-03,100.0
RYLD,2019-10-31,0.0
RYLD,2019-11-29,100.0
RYLD,2020-01-29,100.0
RYLD,2020-03-03,100.0
RYLD,2020-03-31,100.0
RYLD,2020-04-28,90.2
RYLD,2020-05-27,100.0
RYLD,2020-06-30,100.0
RYLD,2020-07-28,78.5
RYLD,2020-09-01,100.0
RYLD,2020-09-29,77.3
RYLD,2020-10-27,100.0
RYLD,2020-12-02,100.0
RYLD,2021-01-27,100.0
RYLD,2021-03-02,100.0
RYLD,2021-03-30,100.0
RYLD,2021-04-27,89.9
RYLD,2021-06-02,0.0
RYLD,2021-06-29,0.0
RYLD,2021-07-27,0.0
RYLD,2021-08-31,0.0
RYLD,2021-09-28,100.0
RYLD,2021-10-26,81.7
RYLD,2021-12-01,78.7
RYLD,2022-02-01,0.0
RYLD,2022-03-02,100.0
RYLD,2022-03-29,0.0
RYLD,2022-04-26,0.0
RYLD,2022-06-01,98.9
RYLD,2022-06-29,0.0
RYLD,2022-07-26,81.6
RYLD,2022-08-30,96.4
RYLD,2022-09-27,94.8
RYLD,2022-11-01,84.8
RYLD,2022-11-30,95.0
RYLD,2023-01-31,97.7
RYLD,2023-03-01,97.9
RYLD,2023-03-28,91.8
RYLD,2023-05-02,87.0
RYLD,2023-05-31,94.0
RYLD,2023-06-28,93.6
RYLD,2023-08-01,88.5
RYLD,2023-08-29,95.6
RYLD,2023-09-26,95.2
RYLD,2023-10-31,81.1
RYLD,2023-11-29,94.1
RYLD,2024-01-30,97.2
RYLD,2024-02-28,96.7
RYLD,2024-03-26,90.3
RYLD,2024-04-30,92.0
RYLD,2024-05-29,100.0
RYLD,2024-07-01,94.5
RYLD,2024-07-29,92.3
RYLD,2024-08-26,100.0
RYLD,2024-09-30,100.0
RYLD,2024-10-28,69.3
RYLD,2024-11-25,100.0
RYLD,2025-01-28,44.5
RYLD,2025-03-03,100.0
RYLD,2025-03-31,100.0
RYLD,2025-04-28,80.5
RYLD,2025-05-27,100.0
RYLD,2025-06-30,100.0
RYLD,2025-07-28,32.1
RYLD,2025-08-25,100.0
RYLD,2025-09-29,100.0
RYLD,2025-10-27,66.0
RYLD,2025-12-02,100.0
RYLD,2025-12-30,100.0
RYLD,2026-01-23,55.1
RYLD,2026-02-26,100.0
RYLD,2026-03-26,100.0
RYLD,2026-04-23,72.6
RYLD,2026-05-21,100.0
RYLD,2026-06-25,100.0
SDTY,2025-12-18,0.0
SDTY,2026-01-22,80.9
SDTY,2026-01-29,56.0
SDTY,2026-02-05,100.0
SDTY,2026-02-12,0.0
SDTY,2026-02-26,0.0
SLJY,2025-09-30,99.7
SLJY,2025-10-31,100.0
SLJY,2025-12-31,100.0
SLJY,2026-01-30,100.0
SLJY,2026-02-27,100.0
SLJY,2026-03-31,99.7
SLJY,2026-04-30,93.7
SLJY,2026-05-29,99.6
SLTY,2025-12-18,96.3
SLTY,2026-01-22,70.4
SLTY,2026-01-29,95.5
SLTY,2026-02-05,83.5
SLTY,2026-02-12,94.0
SLTY,2026-02-26,65.3
SMCY,2025-10-24,0.0
SMCY,2025-10-31,0.0
SMCY,2025-11-14,0.0
SMCY,2025-11-28,0.0
SMCY,2025-12-12,96.7
SMCY,2025-12-19,0.0
SNOY,2025-10-24,0.0
SNOY,2025-10-31,97.4
SNOY,2025-11-14,0.0
SNOY,2025-11-28,0.0
SNOY,2025-12-12,0.0
SNOY,2025-12-19,92.8
SPYI,2022-09-23,91.4
SPYI,2022-10-28,93.4
SPYI,2022-11-22,90.0
SPYI,2022-12-28,86.8
SPYI,2023-02-23,87.9
SPYI,2023-03-24,91.4
SPYI,2023-04-28,95.1
SPYI,2023-05-26,89.1
SPYI,2023-06-26,95.2
SPYI,2023-07-28,96.9
SPYI,2023-08-25,91.5
SPYI,2023-09-22,92.2
SPYI,2023-10-27,95.0
SPYI,2023-11-27,88.9
SPYI,2023-12-22,90.7
SPYI,2024-01-26,94.9
SPYI,2024-02-23,91.8
SPYI,2024-03-22,92.4
SPYI,2024-04-26,97.1
SPYI,2024-05-24,91.5
SPYI,2024-06-27,94.5
SPYI,2024-07-25,98.3
SPYI,2024-08-22,96.4
SPYI,2024-09-26,96.7
SPYI,2024-10-24,98.1
SPYI,2024-11-21,97.1
SPYI,2024-12-26,96.2
SPYI,2025-01-24,98.0
SPYI,2025-02-28,96.2
SPYI,2025-03-28,96.2
SPYI,2025-04-25,98.1
SPYI,2025-05-23,96.3
SPYI,2025-06-27,94.4
SPYI,2025-07-25,98.5
SPYI,2025-08-22,97.5
SPYI,2025-09-26,96.3
SPYI,2025-10-24,98.9
SPYI,2025-11-28,97.0
SPYI,2025-12-26,97.8
SPYI,2026-01-23,97.4
SPYI,2026-02-20,98.0
SPYI,2026-03-20,92.3
SPYI,2026-04-24,97.8
SPYI,2026-05-22,96.1
SPYI,2026-06-18,93.1
SRHR,2023-12-20,0.0
SRHR,2024-01-25,0.0
SRHR,2024-02-23,0.0
SRHR,2024-03-21,0.0
SRHR,2024-04-25,0.0
SRHR,2024-05-23,0.0
SRHR,2024-06-27,0.0
SRHR,2024-07-25,0.0
SRHR,2024-08-22,0.0
SRHR,2024-09-26,0.0
SRHR,2024-10-24,0.0
SRHR,2024-11-21,0.0
SRHR,2024-12-27,0.0
SRHR,2025-01-23,0.0
SRHR,2025-02-27,0.0
SRHR,2025-03-27,0.0
SRHR,2025-04-24,0.0
SRHR,2025-05-22,0.0
SRHR,2025-06-26,0.0
SRHR,2025-07-24,0.0
SRHR,2025-08-21,0.0
SRHR,2025-09-25,0.0
SRHR,2025-10-23,0.0
SRHR,2025-11-28,0.0
SRHR,2025-12-30,0.0
SRHR,2026-01-22,0.0
SRHR,2026-02-26,0.0
SRHR,2026-03-26,0.0
SRHR,2026-04-23,0.0
SRHR,2026-05-21,0.0
TDAQ,2025-10-22,99.0
TDAQ,2025-11-19,100.0
TDAQ,2025-12-17,100.0
TDAQ,2026-01-21,100.0
TDAQ,2026-02-18,100.0
TDAQ,2026-03-18,100.0
TDAQ,2026-04-15,95.0
TDAQ,2026-05-20,100.0
TDAQ,2026-06-16,100.0
TLTP,2024-11-29,72.5
TLTP,2024-12-31,46.5
TLTP,2025-01-31,88.5
TLTP,2025-02-28,85.2
TLTP,2025-03-31,75.3
TLTP,2025-04-30,65.7
TLTP,2025-07-31,64.5
TLTP,2025-08-29,64.6
TLTP,2025-09-30,62.7
TLTP,2025-10-31,81.5
TLTP,2025-12-31,42.0
TLTP,2026-01-30,92.0
TLTP,2026-02-27,68.0
TLTP,2026-03-31,71.9
TLTP,2026-04-30,66.3
TLTP,2026-05-29,58.1
TLTW,2025-11-07,71.0
TLTW,2025-12-05,58.0
TLTW,2025-12-29,54.0
TLTW,2026-02-06,54.0
TLTW,2026-03-06,38.0
TLTW,2026-04-08,7.0
TLTW,2026-05-07,0.0
TLTW,2026-06-05,61.0
TSLY,2025-10-24,56.7
TSLY,2025-10-31,0.0
TSLY,2025-11-14,0.0
TSLY,2025-11-28,0.0
TSLY,2025-12-19,27.2
TSMY,2025-10-24,0.0
TSMY,2025-10-31,15.4
TSMY,2025-11-14,10.9
TSMY,2025-11-28,60.8
TSMY,2025-12-12,92.8
TSMY,2025-12-19,0.0
TSPY,2024-12-05,100.0
TSPY,2025-01-09,100.0
TSPY,2025-02-06,100.0
TSPY,2025-03-06,100.0
TSPY,2025-04-03,80.0
TSPY,2025-05-08,100.0
TSPY,2025-06-04,100.0
TSPY,2025-07-02,81.0
TSPY,2025-08-06,100.0
TSPY,2025-09-03,100.0
TSPY,2025-10-08,85.0
TSPY,2025-11-05,100.0
TSPY,2025-12-03,100.0
TSPY,2026-01-07,92.0
TSPY,2026-02-04,100.0
TSPY,2026-03-04,100.0
TSPY,2026-04-01,81.0
TSPY,2026-05-06,100.0
WEEI,2024-08-05,74.4
WEEI,2024-09-03,100.0
WEEI,2024-10-02,100.0
WEEI,2024-11-04,100.0
WEEI,2024-12-02,100.0
WEEI,2025-01-10,23.1
WEEI,2025-02-05,100.0
WEEI,2025-03-04,100.0
WEEI,2025-05-05,100.0
WEEI,2025-08-04,100.0
WEEI,2025-09-02,100.0
WEEI,2025-10-06,100.0
WEEI,2025-11-04,100.0
WEEI,2025-12-01,100.0
WEEI,2026-01-09,100.0
WEEI,2026-02-03,100.0
WEEI,2026-03-03,100.0
WEEI,2026-05-04,100.0
WEEI,2026-06-02,100.0
WNTR,2025-10-24,97.3
WNTR,2025-10-31,28.6
WNTR,2025-11-14,55.7
WNTR,2025-11-28,98.9
WNTR,2025-12-12,0.0
WNTR,2025-12-19,29.1
XBCI,2026-02-06,99.6
XBCI,2026-03-06,97.5
XBCI,2026-04-10,95.4
XBCI,2026-05-08,98.0
XBCI,2026-06-05,97.9
XDTE,2024-03-26,100.0
XDTE,2024-04-03,100.0
XDTE,2024-04-10,100.0
XDTE,2024-04-17,100.0
XDTE,2024-04-24,100.0
XDTE,2024-05-01,100.0
XDTE,2024-05-08,100.0
XDTE,2024-05-15,100.0
XDTE,2024-05-22,100.0
XDTE,2024-05-30,100.0
XDTE,2024-06-06,100.0
XDTE,2024-06-13,100.0
XDTE,2024-06-20,100.0
XDTE,2024-06-27,100.0
XDTE,2024-07-03,100.0
XDTE,2024-07-11,100.0
XDTE,2024-07-18,100.0
XDTE,2024-07-25,100.0
XDTE,2024-08-01,100.0
XDTE,2024-08-08,100.0
XDTE,2024-08-15,100.0
XDTE,2024-08-22,100.0
XDTE,2024-08-29,100.0
XDTE,2024-09-05,100.0
XDTE,2024-09-12,100.0
XDTE,2024-09-19,100.0
XDTE,2024-09-26,100.0
XDTE,2024-10-03,100.0
XDTE,2024-10-10,100.0
XDTE,2024-10-17,100.0
XDTE,2024-10-24,100.0
XDTE,2024-10-31,100.0
XDTE,2024-11-07,100.0
XDTE,2024-11-14,100.0
XDTE,2024-11-21,100.0
XDTE,2024-11-27,100.0
XDTE,2024-12-05,100.0
XDTE,2024-12-12,100.0
XDTE,2024-12-19,100.0
XDTE,2024-12-26,100.0
XDTE,2025-01-02,100.0
XDTE,2025-01-08,100.0
XDTE,2025-01-16,100.0
XDTE,2025-01-23,100.0
XDTE,2025-01-30,100.0
XDTE,2025-02-06,100.0
XDTE,2025-02-13,100.0
XDTE,2025-02-20,100.0
XDTE,2025-02-27,100.0
XDTE,2025-03-06,100.0
XDTE,2025-03-13,100.0
XDTE,2025-03-20,100.0
XDTE,2025-03-27,100.0
XDTE,2025-04-03,100.0
XDTE,2025-04-10,100.0
XDTE,2025-04-16,100.0
XDTE,2025-04-24,100.0
XDTE,2025-05-01,100.0
XDTE,2025-05-08,100.0
XDTE,2025-05-15,100.0
XDTE,2025-05-22,100.0
XDTE,2025-05-29,100.0
XDTE,2025-06-05,100.0
XDTE,2025-06-12,100.0
XDTE,2025-06-18,100.0
XDTE,2025-06-26,100.0
XDTE,2025-07-02,100.0
XDTE,2025-07-10,100.0
XDTE,2025-07-17,100.0
XDTE,2025-07-24,100.0
XDTE,2025-07-31,100.0
XDTE,2025-08-07,100.0
XDTE,2025-08-14,100.0
XDTE,2025-08-21,100.0
XDTE,2025-08-28,100.0
XDTE,2025-09-04,100.0
XDTE,2025-09-11,100.0
XDTE,2025-09-18,100.0
XDTE,2025-09-25,100.0
XDTE,2025-10-02,100.0
XDTE,2025-10-09,100.0
XDTE,2025-10-16,100.0
XDTE,2025-10-23,100.0
XDTE,2025-10-30,100.0
XDTE,2025-11-06,100.0
XDTE,2025-11-13,100.0
XDTE,2025-11-20,100.0
XDTE,2025-11-26,100.0
XDTE,2025-12-04,100.0
XDTE,2025-12-11,100.0
XDTE,2025-12-18,100.0
XDTE,2025-12-24,100.0
XDTE,2025-12-31,100.0
XDTE,2026-01-08,100.0
XDTE,2026-01-15,100.0
XDTE,2026-01-22,100.0
XDTE,2026-01-29,100.0
XDTE,2026-02-05,100.0
XDTE,2026-02-12,100.0
XDTE,2026-02-19,100.0
XDTE,2026-02-26,100.0
XDTE,2026-03-05,100.0
XDTE,2026-03-12,100.0
XDTE,2026-03-19,100.0
XDTE,2026-03-26,100.0
XDTE,2026-04-01,100.0
XDTE,2026-04-09,100.0
XDTE,2026-04-16,100.0
XDTE,2026-04-23,100.0
XDTE,2026-04-30,100.0
XDTE,2026-05-07,100.0
XDTE,2026-05-14,100.0
XDTE,2026-05-21,100.0
XDTE,2026-05-28,100.0
XDTE,2026-06-04,100.0
XDTE,2026-06-11,100.0
XDTE,2026-06-17,100.0
XDTE,2026-06-25,100.0
XOMO,2025-10-24,40.3
XOMO,2025-10-31,91.8
XOMO,2025-11-14,94.6
XOMO,2025-11-28,0.0
XOMO,2025-12-12,0.0
XOMO,2025-12-19,32.1
XQQI,2026-02-06,100.0
XQQI,2026-03-06,99.8
XQQI,2026-04-10,100.0
XQQI,2026-05-08,100.0
XQQI,2026-06-05,100.0
XSPI,2026-02-06,100.0
XSPI,2026-03-06,98.4
XSPI,2026-04-10,97.7
XSPI,2026-05-08,100.0
XSPI,2026-06-05,98.0
XYLD,2013-08-20,56.5
XYLD,2014-02-25,5.7
XYLD,2014-05-23,0.0
XYLD,2014-08-22,67.3
XYLD,2015-09-22,20.5
XYLD,2016-05-24,100.0
XYLD,2016-06-21,100.0
XYLD,2016-10-25,74.2
XYLD,2017-01-24,81.5
XYLD,2017-04-25,84.8
XYLD,2017-12-26,5.9
XYLD,2018-11-27,70.5
XYLD,2019-01-31,87.3
XYLD,2019-02-28,78.2
XYLD,2019-03-28,100.0
XYLD,2019-05-02,87.8
XYLD,2019-05-31,77.2
XYLD,2019-07-05,80.9
XYLD,2019-08-01,89.4
XYLD,2019-08-29,77.6
XYLD,2019-10-03,81.0
XYLD,2019-10-31,88.2
XYLD,2019-11-29,80.6
XYLD,2020-01-29,92.2
XYLD,2020-03-03,73.9
XYLD,2020-03-31,62.5
XYLD,2020-04-28,80.8
XYLD,2020-05-27,81.8
XYLD,2020-06-30,74.4
XYLD,2020-07-28,88.6
XYLD,2020-09-01,87.2
XYLD,2020-09-29,90.9
XYLD,2020-10-27,93.5
XYLD,2020-12-02,88.1
XYLD,2021-01-27,94.6
XYLD,2021-03-02,88.4
XYLD,2021-03-30,90.6
XYLD,2021-04-27,95.9
XYLD,2021-06-02,90.5
XYLD,2021-06-29,91.6
XYLD,2021-07-27,93.6
XYLD,2021-08-31,89.1
XYLD,2021-09-28,91.8
XYLD,2021-10-26,93.9
XYLD,2021-12-01,88.7
XYLD,2022-02-01,89.3
XYLD,2022-03-02,0.0
XYLD,2022-03-29,0.0
XYLD,2022-04-26,0.0
XYLD,2022-06-01,0.0
XYLD,2022-06-29,0.0
XYLD,2022-07-26,93.9
XYLD,2022-08-30,87.9
XYLD,2022-09-27,89.9
XYLD,2022-11-01,22.7
XYLD,2022-11-30,12.2
XYLD,2023-01-31,94.4
XYLD,2023-03-01,87.9
XYLD,2023-03-28,91.0
XYLD,2023-05-02,92.7
XYLD,2023-05-31,84.7
XYLD,2023-06-28,87.6
XYLD,2023-08-01,92.8
XYLD,2023-08-29,89.6
XYLD,2023-09-26,88.8
XYLD,2023-10-31,94.0
XYLD,2023-11-29,82.8
XYLD,2024-01-30,94.3
XYLD,2024-02-28,88.3
XYLD,2024-03-26,89.3
XYLD,2024-04-30,94.4
XYLD,2024-05-29,90.6
XYLD,2024-07-01,88.0
XYLD,2024-08-26,93.3
XYLD,2024-09-30,89.2
XYLD,2024-10-28,95.2
XYLD,2024-11-25,95.3
XYLD,2025-01-28,96.6
XYLD,2025-03-03,88.6
XYLD,2025-03-31,93.6
XYLD,2025-04-28,96.5
XYLD,2025-05-27,92.7
XYLD,2025-06-30,91.0
XYLD,2025-07-28,95.6
XYLD,2025-08-25,95.2
XYLD,2025-09-29,88.2
XYLD,2025-10-27,96.8
XYLD,2025-12-02,93.3
XYLD,2025-12-30,92.9
XYLD,2026-01-23,95.5
XYLD,2026-02-26,93.3
XYLD,2026-03-26,92.6
XYLD,2026-04-23,99.0
XYLD,2026-05-21,96.5
XYLD,2026-06-25,90.4
XYLG,2020-10-27,87.9
XYLG,2020-12-02,0.0
XYLG,2021-01-27,88.9
XYLG,2021-03-02,76.1
XYLG,2021-03-30,0.0
XYLG,2021-04-27,91.6
XYLG,2021-06-02,0.0
XYLG,2021-06-29,0.0
XYLG,2021-07-27,88.1
XYLG,2021-08-31,64.7
XYLG,2021-09-28,0.0
XYLG,2021-10-26,0.0
XYLG,2021-12-01,77.8
XYLG,2022-02-01,91.8
XYLG,2022-03-02,0.0
XYLG,2022-03-29,0.0
XYLG,2022-04-26,0.0
XYLG,2022-06-01,0.0
XYLG,2022-06-29,0.0
XYLG,2022-07-26,88.2
XYLG,2022-08-30,77.6
XYLG,2022-09-27,0.0
XYLG,2022-11-01,0.0
XYLG,2022-11-30,76.9
XYLG,2023-01-31,88.6
XYLG,2023-03-01,76.8
XYLG,2023-03-28,82.6
XYLG,2023-05-02,86.0
XYLG,2023-05-31,67.3
XYLG,2023-06-28,76.2
XYLG,2023-08-01,86.4
XYLG,2023-08-29,78.9
XYLG,2023-09-26,78.0
XYLG,2023-10-31,88.8
XYLG,2023-11-29,66.3
XYLG,2024-02-28,77.0
XYLG,2024-03-26,83.4
XYLG,2024-04-30,86.4
XYLG,2024-05-29,70.0
XYLG,2024-07-01,68.3
XYLG,2024-07-29,85.3
XYLG,2024-08-26,83.0
XYLG,2024-09-30,71.1
XYLG,2024-10-28,86.4
XYLG,2024-11-25,86.3
XYLG,2025-01-28,90.0
XYLG,2025-03-03,68.3
XYLG,2025-03-31,81.5
XYLG,2025-04-28,93.7
XYLG,2025-05-27,83.0
XYLG,2025-06-30,76.5
XYLG,2025-07-28,13.1
XYLG,2025-08-25,85.7
XYLG,2025-09-22,70.7
XYLG,2025-10-27,92.2
XYLG,2025-12-02,88.1
XYLG,2025-12-30,83.0
XYLG,2026-01-23,86.4
XYLG,2026-02-26,80.1
XYLG,2026-03-26,85.1
XYLG,2026-04-23,93.5
XYLG,2026-05-21,89.2
XYLG,2026-06-25,74.8
XYZY,2025-10-24,0.0
XYZY,2025-10-31,96.6
XYZY,2025-11-14,0.0
XYZY,2025-11-28,95.4
XYZY,2025-12-12,3.3
XYZY,2025-12-19,94.1
YBTC,2024-01-29,100.0
YBTC,2024-02-27,100.0
YBTC,2024-03-26,100.0
YBTC,2024-04-26,100.0
YBTC,2024-05-30,100.0
YBTC,2024-06-27,100.0
YBTC,2024-07-30,100.0
YBTC,2024-08-29,100.0
YBTC,2024-09-27,100.0
YBTC,2024-10-30,100.0
YBTC,2024-11-27,100.0
YBTC,2024-12-30,100.0
YBTC,2025-01-02,100.0
YBTC,2025-01-08,100.0
YBTC,2025-01-16,100.0
YBTC,2025-01-23,100.0
YBTC,2025-01-30,100.0
YBTC,2025-02-06,100.0
YBTC,2025-02-13,100.0
YBTC,2025-02-20,100.0
YBTC,2025-02-27,100.0
YBTC,2025-03-06,100.0
YBTC,2025-03-13,100.0
YBTC,2025-03-20,100.0
YBTC,2025-03-27,100.0
YBTC,2025-04-03,100.0
YBTC,2025-04-10,100.0
YBTC,2025-04-16,100.0
YBTC,2025-04-24,100.0
YBTC,2025-05-01,100.0
YBTC,2025-05-08,100.0
YBTC,2025-05-15,100.0
YBTC,2025-05-22,100.0
YBTC,2025-05-29,100.0
YBTC,2025-06-05,100.0
YBTC,2025-06-12,100.0
YBTC,2025-06-18,100.0
YBTC,2025-06-26,100.0
YBTC,2025-07-02,100.0
YBTC,2025-07-09,100.0
YBTC,2025-07-16,100.0
YBTC,2025-07-23,100.0
YBTC,2025-07-30,100.0
YBTC,2025-08-06,100.0
YBTC,2025-08-13,100.0
YBTC,2025-08-20,100.0
YBTC,2025-08-27,100.0
YBTC,2025-09-03,100.0
YBTC,2025-09-10,100.0
YBTC,2025-09-17,100.0
YBTC,2025-09-24,100.0
YBTC,2025-10-01,100.0
YBTC,2025-10-08,100.0
YBTC,2025-10-15,100.0
YBTC,2025-10-22,100.0
YBTC,2025-10-29,100.0
YBTC,2025-11-05,100.0
YBTC,2025-11-12,100.0
YBTC,2025-11-19,100.0
YBTC,2025-11-26,100.0
YBTC,2025-12-03,100.0
YBTC,2025-12-10,100.0
YBTC,2025-12-17,100.0
YBTC,2025-12-24,100.0
YBTC,2025-12-31,100.0
YBTC,2026-01-07,100.0
YBTC,2026-01-14,100.0
YBTC,2026-01-21,100.0
YBTC,2026-01-28,100.0
YBTC,2026-02-04,100.0
YBTC,2026-02-11,100.0
YBTC,2026-02-18,100.0
YBTC,2026-02-25,100.0
YBTC,2026-03-04,100.0
YBTC,2026-03-11,100.0
YBTC,2026-03-18,100.0
YBTC,2026-03-25,100.0
YBTC,2026-04-01,100.0
YBTC,2026-04-08,100.0
YBTC,2026-04-15,100.0
YBTC,2026-04-22,100.0
YBTC,2026-04-29,100.0
YBTC,2026-05-06,100.0
YBTC,2026-05-13,100.0
YBTC,2026-05-20,100.0
YBTC,2026-05-27,100.0
YBTC,2026-06-03,100.0
YBTC,2026-06-10,100.0
YBTC,2026-06-17,100.0
YBTC,2026-06-24,100.0
YETH,2024-09-27,100.0
YETH,2024-10-30,100.0
YETH,2024-11-27,100.0
YETH,2024-12-30,100.0
YETH,2025-01-30,100.0
YETH,2025-02-27,100.0
YETH,2025-03-28,100.0
YETH,2025-04-29,100.0
YETH,2025-05-29,100.0
YETH,2025-07-02,100.0
YETH,2025-07-09,100.0
YETH,2025-07-16,100.0
YETH,2025-07-23,100.0
YETH,2025-07-30,100.0
YETH,2025-08-06,100.0
YETH,2025-08-13,100.0
YETH,2025-08-20,100.0
YETH,2025-08-27,100.0
YETH,2025-09-03,100.0
YETH,2025-09-10,100.0
YETH,2025-09-17,100.0
YETH,2025-09-24,100.0
YETH,2025-10-01,100.0
YETH,2025-10-08,100.0
YETH,2025-10-15,100.0
YETH,2025-10-22,100.0
YETH,2025-10-29,100.0
YETH,2025-11-05,100.0
YETH,2025-11-12,100.0
YETH,2025-11-19,100.0
YETH,2025-11-26,100.0
YETH,2025-12-03,100.0
YETH,2025-12-10,100.0
YETH,2025-12-17,100.0
YETH,2025-12-24,100.0
YETH,2025-12-31,100.0
YETH,2026-01-07,100.0
YETH,2026-01-14,100.0
YETH,2026-01-21,100.0
YETH,2026-01-28,100.0
YETH,2026-02-04,100.0
YETH,2026-02-11,100.0
YETH,2026-02-18,100.0
YETH,2026-02-25,100.0
YETH,2026-03-04,100.0
YETH,2026-03-11,100.0
YETH,2026-03-18,100.0
YETH,2026-03-25,100.0
YETH,2026-04-01,100.0
YETH,2026-04-08,100.0
YETH,2026-04-15,100.0
YETH,2026-04-22,100.0
YETH,2026-04-29,100.0
YETH,2026-05-06,100.0
YETH,2026-05-13,100.0
YETH,2026-05-20,100.0
YETH,2026-05-27,100.0
YETH,2026-06-03,100.0
YETH,2026-06-10,100.0
YETH,2026-06-17,100.0
YETH,2026-06-24,100.0
YLDW,2026-01-05,69.6
YLDW,2026-02-03,100.0
YLDW,2026-03-03,100.0
YLDW,2026-06-02,100.0
YMAG,2025-12-18,56.8
YMAG,2026-01-22,59.4
YMAG,2026-01-29,54.4
YMAG,2026-02-05,38.6
YMAG,2026-02-12,78.8
YMAG,2026-02-26,52.1
YMAX,2025-12-18,77.3
YMAX,2026-01-22,61.0
YMAX,2026-01-29,64.3
YMAX,2026-02-05,54.4
YMAX,2026-02-12,59.5
YMAX,2026-02-26,61.9
YQQQ,2025-10-24,0.0
YQQQ,2025-10-31,0.0
YQQQ,2025-11-14,92.8
YQQQ,2025-11-28,94.3
YQQQ,2025-12-12,0.0
YQQQ,2025-12-19,0.0
